rpm,N,hub_tip,Cx,feasible,eta_is_tool,DF,deHaller,M_rel_tip,h_last,r_tip_mm,length_mm,D_casing_mm,n_blades
70000,5,0.4,170,False,0.8484030966397569,0.6346622122216662,0.6173666067825481,1.1825357294335044,0.012904025006467479,55.17210583999402,174.9991849268533,115.84421167998804,241
70000,5,0.4,185,False,0.843977134234232,0.6093715088002838,0.6435564269949636,1.1864880370402882,0.012367543628903813,53.44420191736134,168.4796271392647,112.3884038347227,242
70000,5,0.4,200,False,0.838380186892551,0.5831738388879621,0.6690481515091434,1.1967536387810784,0.011898366329521626,52.008604362491894,162.9295784638986,109.5172087249838,245
70000,5,0.45,170,False,0.8462970046481181,0.6076996062139358,0.6270766028985755,1.183097152953877,0.012187470995151856,56.7177141449256,165.5432548193081,118.9354282898512,273
70000,5,0.45,185,False,0.842617198699549,0.5851727100105434,0.6508503732504947,1.1864144012718216,0.011674950623926816,54.93176302550724,159.26623325886038,115.36352605101447,274
70000,5,0.45,200,False,0.8376015958828226,0.5611791019701651,0.674520521650168,1.1961774849337117,0.011227354150303348,53.44806009629383,153.93100408786947,112.39612019258767,275
70000,5,0.5,170,False,0.842288357374676,0.5778319522457132,0.639405638231895,1.1867732886803977,0.01148585083867354,58.60110068780771,156.3491746630305,122.70220137561543,303
70000,5,0.5,185,False,0.8394831885714396,0.5583632831048497,0.6604612082779844,1.1892497428992672,0.01099667569414653,56.74666410966647,150.30482414331976,118.99332821933294,307
70000,5,0.5,200,False,0.8351305946770714,0.5368822867898958,0.6820038668325088,1.1983406588497805,0.010570169909354388,55.20631173715926,145.17717605361358,115.91262347431852,311
70000,5,0.55,170,False,0.8357977021370571,0.5447565809877768,0.6545852144512531,1.1944712706937894,0.010795772448835894,60.90332411475325,147.3816713256491,127.3066482295065,347
70000,5,0.55,185,False,0.8340729323646543,0.5286017174852753,0.672652604938867,1.195842378493579,0.010329307430421514,58.96705284827082,141.55805002571665,123.43410569654165,353
70000,5,0.55,200,False,0.830517752633596,0.5099303356106172,0.6917686818684446,1.2040436980953324,0.00992340576022388,57.35911369934081,136.62932853258081,120.21822739868162,355
70000,6,0.4,170,False,0.8454716484932351,0.5571630410278234,0.6620282568031836,1.1582947031041133,0.012698457860072107,55.2968356319507,208.47108462749787,116.09367126390141,290
70000,6,0.4,185,False,0.840911419734248,0.5343089974322607,0.6853611869370806,1.1613916041482226,0.012165024992635318,53.55461263485396,200.5873289509761,112.60922526970793,293
70000,6,0.4,200,False,0.8349933550433958,0.5104622511789194,0.7082436698080664,1.1710179051512757,0.011698480699044056,52.10694453027893,193.87273854696997,109.71388906055786,295
70000,6,0.45,170,False,0.8412987621446227,0.5311413281440528,0.6724896625909076,1.1601445674720796,0.012001205099866338,56.855771448647694,197.39298250454624,119.21154289729539,326
70000,6,0.45,185,False,0.8375513054033085,0.5109688463438443,0.6934944172011954,1.162639188342229,0.011491889452912463,55.05676733461297,189.81045976507275,115.61353466922594,329
70000,6,0.45,200,False,0.8322490849077984,0.4893194496380443,0.7145677891018665,1.1717915272512291,0.011047048189150241,53.56217159021652,183.36295374226665,112.62434318043304,333
70000,6,0.5,170,False,0.8349766131258732,0.5028748414981528,0.6850272560017808,1.1651672718937487,0.011317162030909919,58.74962470115369,186.59441385272538,122.99924940230738,369
70000,6,0.5,185,False,0.8322157785662343,0.4855879243958574,0.7034882351179232,1.166852236222488,0.010831308801222017,56.88320624720584,179.29985415879278,119.26641249441168,374
70000,6,0.5,200,True,0.8276449218115804,0.4663646877342177,0.722521515416754,1.175359295051258,0.010407646591355263,55.33296089868672,173.10943306769272,116.16592179737346,374
70000,6,0.55,170,False,0.8257912285249791,0.4721185685861301,0.6998237636935537,1.17428581758627,0.010643146092226316,61.05989397446368,176.037308594433,127.61978794892734,418
70000,6,0.55,185,False,0.8242880195830178,0.457887660924379,0.7155527141657799,1.1748942807694343,0.010180088758044242,59.112528415070514,169.01513733172197,123.72505683014104,422
70000,6,0.55,200,False,0.8206308818264363,0.44130708853693046,0.7323227692566787,1.1825363648671436,0.009777091474680089,57.49553181436518,163.07027768552217,120.49106362873037,426
70000,7,0.4,170,False,0.8397354689857162,0.49537806655023203,0.6984076083606949,1.1416861486651941,0.01256267060624039,55.40681740489568,242.15046219874924,116.31363480979137,340
70000,7,0.4,185,False,0.83497538777039,0.474577228368827,0.7194092235144374,1.1442026744046576,0.012031641419069886,53.65492351806457,232.9114173970126,112.80984703612914,343
70000,7,0.4,200,True,0.8286484552926857,0.45278937564446753,0.7400946081761349,1.1534049028723965,0.011567171799245449,52.199197675385264,225.04042390228253,109.89839535077053,345
70000,7,0.45,170,False,0.8337133601012849,0.4708182274118651,0.7088550520374288,1.144386205241834,0.011877506920171366,56.97235962769963,229.412749759062,119.44471925539926,386
70000,7,0.45,185,True,0.8298529017655867,0.4525662025920296,0.7276592659075165,1.1463213595508197,0.011370656344519198,55.16445501230176,220.53201193685175,115.82891002460352,389
70000,7,0.45,200,True,0.8241947329964523,0.43289997154318416,0.7466074483560998,1.1550675669556265,0.010927933908551887,53.66251455023351,212.97886707958938,112.82502910046703,391
70000,7,0.5,170,True,0.8252646968881769,0.44445716726560963,0.7210077003708034,1.1503039368195431,0.011204535576835192,58.87116135808161,216.977365669947,123.24232271616322,431
70000,7,0.5,185,True,0.822523731824124,0.42890227144594295,0.7374518948292427,1.1514488759046082,0.010721188631866635,56.996495003381256,208.43851754450645,119.49299000676251,434
70000,7,0.5,200,True,0.8176835184279803,0.41153462622527354,0.7544803417895575,1.159566256870118,0.010299671971597202,55.43951181612951,201.19070138096095,116.37902363225902,442
70000,7,0.55,170,True,0.8135336742780954,0.4160839724087021,0.7350206235528616,1.1603735381448488,0.010540696756835347,61.18498477952537,204.8027611762637,127.86996955905074,488
70000,7,0.55,185,True,0.8122508357938663,0.4033455894956496,0.7489654111569704,1.1604594877163619,0.010080170988820664,59.22991028706742,196.58681300088364,123.95982057413485,495
70000,7,0.55,200,False,0.8084597297912185,0.3884420428378351,0.7638989283452012,1.1677264379909433,0.00967933198383586,57.60668244230053,189.63013574665976,120.71336488460106,502
70000,8,0.4,170,True,0.8322213242931848,0.4453604547893588,0.7282206238777216,1.1296298441698522,0.012466624880503985,55.50104186476937,275.9569412095939,116.50208372953874,389
70000,8,0.4,185,True,0.8272293816608007,0.42629436733848297,0.7472999489149866,1.1317279035516548,0.011937510270741442,53.7421901660576,265.3678648921941,112.9843803321152,394
70000,8,0.4,200,True,0.8204488623764135,0.406283694431531,0.7661399122760839,1.140629911093563,0.011474691744292886,52.28072096676196,256.3452505932058,110.06144193352394,399
70000,8,0.45,170,True,0.8244754303161042,0.4223611383690694,0.7383392239918681,1.1329272824258771,0.011789646126522835,57.06993173202064,261.5369345278803,119.63986346404128,434
70000,8,0.45,185,True,0.8204836730101546,0.4057004996004136,0.7553578707316336,1.134458220685766,0.011284731580619448,55.2555779058582,251.36231182247664,116.0111558117164,446
70000,8,0.45,200,True,0.8144366487353027,0.38771170879700945,0.772551215005531,1.142916270580407,0.01084367241055667,53.74836283580892,242.70745756694973,112.99672567161784,448
70000,8,0.5,170,True,0.8140022926628615,0.3978706958478079,0.7498993078461456,1.1394780812827763,0.011124205989663752,58.97104303314379,247.4450709841045,123.44208606628759,492
70000,8,0.5,185,True,0.8112780130909314,0.3837273081493742,0.7647293823063285,1.1402318065782413,0.010642805017364004,57.09035808320069,237.6654770699358,119.68071616640138,498
70000,8,0.5,200,True,0.8061478868154152,0.36790200944787593,0.7801266040559649,1.1480718292127825,0.010222953859931466,55.52849948329215,229.36347213237067,116.5569989665843,509
70000,8,0.55,170,True,0.7997967166439349,0.37170201868915453,0.7630372355049143,1.1502247361113467,0.010467323322544922,61.28631005319581,233.6359346185088,128.0726201063916,560
70000,8,0.55,185,True,0.7987494059368685,0.3601623599835293,0.7755709540093448,1.1499308792861163,0.010008744612003767,59.32557085893944,224.22908428242837,124.15114171787889,567
70000,8,0.55,200,False,0.7948177889812996,0.346631779617749,0.7890291658457047,1.156929690542579,0.009609565524023977,57.697799878321234,216.26318318752,120.89559975664248,573
75000,5,0.4,170,False,0.848037970545939,0.6040958963907137,0.6284838476019917,1.2334273979941894,0.012962320492414026,55.30655986191361,176.10986664688872,116.11311972382724,239
75000,5,0.4,185,False,0.8445503164149816,0.5819394209197456,0.6519306593365988,1.2338501603926786,0.012416384824710192,53.55819814849262,169.41656753890817,112.61639629698524,242
75000,5,0.4,200,False,0.8396501937629913,0.5582460687871308,0.6753490975182657,1.2411197355378398,0.011939697798207638,52.10641078914635,163.7287722838774,109.7128215782927,244
75000,5,0.45,170,False,0.8442423431836424,0.5757621773259877,0.6403121547600172,1.2356887961366774,0.012257380255823305,56.879756567396356,166.87901496675573,119.25951313479271,268
75000,5,0.45,185,False,0.8415974604307183,0.5565037622363741,0.661179377314914,1.2353716619384234,0.011734883092496956,55.07226756445625,160.41887776561813,115.6445351289125,273
75000,5,0.45,200,False,0.8373351351591941,0.5351983212394182,0.682571755311525,1.2420567002571987,0.01127937827975177,53.571661756693814,154.93927003736147,112.64332351338763,274
75000,5,0.5,170,False,0.8382646706797738,0.54479652502996,0.6545660518287553,1.2415446751970636,0.01156774215737437,58.79217488605842,157.91983694184526,123.08434977211684,302
75000,5,0.5,185,False,0.8366430937613009,0.5286377297142364,0.6726370117014646,1.2402544601981056,0.011067930687666538,56.91471994101346,151.67997978285152,119.32943988202692,305
75000,5,0.5,200,False,0.8331356123495959,0.5099629594357391,0.691756040773419,1.2461639030123122,0.010633011004874876,55.35643971110837,146.39896825461796,116.21287942221676,307
75000,5,0.55,170,False,0.8293639785549435,0.5109632824421588,0.6714194653662489,1.2520479254391552,0.01089043079419895,61.12613191169859,149.2063900884157,127.75226382339719,342
75000,5,0.55,185,False,0.8290489790613162,0.49805646189406405,0.6865196650928216,1.2494825919864059,0.01041249455694973,59.164840653947365,143.17097068561148,123.82968130789473,347
75000,5,0.55,200,False,0.8264826142164317,0.48223076063843084,0.7031371057299989,1.2543699629547915,0.009997537682627913,57.537551078241044,138.076906569727,120.57510215648209,353
75000,6,0.4,170,False,0.8430927455291723,0.5277021577255713,0.6739541476879592,1.2118837854167153,0.012765223638527862,55.45605266565137,210.01662849395254,116.41210533130275,288
75000,6,0.4,185,False,0.8395570317195993,0.5078832165336189,0.6946492518986862,1.2114129145768204,0.012222739584432166,53.6938616146054,201.93225866707172,112.8877232292108,292
75000,6,0.4,200,False,0.8343922118462791,0.48652760076433443,0.7154777687563347,1.2180028858801375,0.011749018373120451,52.23054871632068,195.05959603267758,109.96109743264138,295
75000,6,0.45,170,False,0.8371058708310429,0.5009346561134741,0.6859273167601413,1.2153579607849165,0.012077819811787169,57.03953008889378,199.17233594402123,119.57906017778757,323
75000,6,0.45,185,False,0.8345203089692805,0.4838435988556963,0.7042143328665526,1.2141778837652752,0.011558888822326516,55.21927176125563,191.37644696183924,115.93854352251127,326
75000,6,0.45,200,True,0.8300586130540821,0.46478741870403156,0.7231057310423757,1.220210328835875,0.011106435809434587,53.708130406402645,184.76153150884485,112.9162608128053,331
75000,6,0.5,170,False,0.8286147899544423,0.4721554145067315,0.6998053997576325,1.2224846902194773,0.011404195015610713,58.95991972464746,188.62425246626984,123.41983944929494,366
75000,6,0.5,185,False,0.827216781236923,0.45792091672174107,0.715537581524165,1.2203600579449667,0.010908034546870685,57.07057705658716,181.10017350835807,119.64115411317434,368
75000,6,0.5,200,True,0.823616808544942,0.4413371932977942,0.7323103579736282,1.225641840504157,0.01047622664673599,55.502591484232454,174.730387042988,116.50518296846492,373
75000,6,0.55,170,False,0.8167106070991915,0.4411687164717887,0.7157300247417009,1.234334010682943,0.010741551143870043,61.299948919776,178.34490078350277,128.099897839552,415
75000,6,0.55,185,True,0.8168671483878558,0.4298791439956652,0.7287945547724385,1.2309598830390098,0.010267328203046142,59.327476741643466,171.07256039671702,124.15495348328693,418
75000,6,0.55,200,False,0.8143755052110704,0.41591960474700684,0.7432836253467882,1.2352418125088327,0.009855522936289413,57.691159214393764,164.93295804466433,120.88231842878754,422
75000,7,0.4,170,False,0.8355093000232058,0.46759443912544724,0.7102919435369448,1.1971694142874465,0.012634244242563,55.581729688133336,244.10091853665247,116.66345937626669,339
75000,7,0.4,185,True,0.8318797441988456,0.44967516419595344,0.7288068472653747,1.1960843156659495,0.012094408006991145,53.81009744061541,234.63308565836354,113.12019488123082,341
75000,7,0.4,200,True,0.8263793118961762,0.4302894656324099,0.7475226933494292,1.2022147886593189,0.011622961534314372,52.33900335982675,226.58248412313904,110.1780067196535,343
75000,7,0.45,170,True,0.8275076176569451,0.44265839862553535,0.7218688633881744,1.2014433801214917,0.01195789267936119,57.17004079091131,231.6111052000888,119.84008158182262,378
75000,7,0.45,185,True,0.8249555775631638,0.4272851425826877,0.7381529242975047,1.1996686325348518,0.01144164924735823,55.340987067577025,222.4857206058612,116.18197413515405,386
75000,7,0.45,200,True,0.8202410390811794,0.41007437668657176,0.7550490811674009,1.205258578388367,0.010991496353132166,53.82266549718549,214.74117883710187,113.145330994371,390
75000,7,0.5,170,True,0.8166449962999884,0.4161177935303645,0.7350033996853075,1.2094151522836298,0.011294415857547563,59.09394196601653,219.44635909275794,123.68788393203306,429
75000,7,0.5,185,True,0.8154668308394771,0.4033761224237572,0.7489511255559969,1.2067136495662052,0.010800967758040889,57.19633913399015,210.64317360992308,119.8926782679803,431
75000,7,0.5,200,True,0.8117391788596536,0.388469658262407,0.7638871439421593,1.2115682359453863,0.010371472290551659,55.62167666639415,203.18924255203618,116.7433533327883,435
75000,7,0.55,170,True,0.8018331050074867,0.38780191605078457,0.7498178138861413,1.2221668869239795,0.010641119623060372,61.43641303882728,207.57709775328325,128.37282607765457,485
75000,7,0.55,185,True,0.8024842842313764,0.3777433245705432,0.761352025822068,1.218231400500823,0.010169623109761203,59.45610464213168,199.0719902546734,124.41220928426335,487
75000,7,0.55,200,False,0.8000529139881588,0.36525200475338243,0.7742015589469213,1.2220992847948962,0.009760132843756306,57.81351776277573,191.89059530782356,121.12703552555148,495
75000,8,0.4,170,True,0.8262478875179041,0.41935590373407705,0.739716219597916,1.1865153526543342,0.012541162843717285,55.68664099670774,278.2942562855757,116.87328199341549,387
75000,8,0.4,185,True,0.8225061709397965,0.40300726107475704,0.7564653357329777,1.1849827076865787,0.012003402892139178,53.908161647881855,267.4474855866444,113.31632329576371,389
75000,8,0.4,200,True,0.8166361532605048,0.38528388660713386,0.7734401326383153,1.1907826528299619,0.01153373933273738,52.431474200082626,258.2230502757084,110.36294840016525,396
75000,8,0.45,170,True,0.8163269574134895,0.39620614612935673,0.7507119072720592,1.1913511049098602,0.011872332700415558,57.27718490043035,264.1394011572954,120.05436980086071,433
75000,8,0.45,185,True,0.8138046049042481,0.38223139036379034,0.7653942507935716,1.1891421458237628,0.0113581745748981,55.441710112477026,253.6882659298677,116.38342022495405,437
75000,8,0.45,200,True,0.8088151313278016,0.366552885050641,0.7806684409975476,1.1944130305853828,0.010909805987189436,53.91819045136076,244.81748663655154,113.33638090272153,446
75000,8,0.5,170,True,0.8031603415268477,0.3717331066603867,0.7630211864938722,1.1999208790911098,0.011215793232163429,59.202503444916175,250.341043258273,123.90500688983236,488
75000,8,0.5,185,True,0.8022154686293156,0.3601904212074498,0.7755575935094613,1.1967970766862197,0.010724431268629417,57.29883090229035,240.26183209695427,120.0976618045807,495
75000,8,0.5,200,True,0.7983514105715378,0.3466571368148546,0.7890181094935855,1.2013426898450994,0.010296714294428619,55.719300421582794,231.72653617513598,116.9386008431656,500
75000,8,0.55,170,True,0.7854686273714768,0.3457843669750654,0.7767525266398129,1.2133158354478484,0.010568916885899435,61.545745092814606,236.86716626299545,128.5914901856292,554
75000,8,0.55,185,True,0.7866507962754685,0.3367023718207425,0.7870881936560086,1.2089681358200575,0.010099501831752233,59.55964155227132,227.13180842473344,124.61928310454265,560
75000,8,0.55,200,False,0.7842875661304753,0.32539833621821646,0.7986342786886028,1.2125354119743643,0.00969177914399641,57.912451480556285,218.91088362369575,121.32490296111257,566
80000,5,0.4,170,False,0.8454850375677269,0.5741135887009386,0.6410386368212516,1.2876802977878599,0.013033290854152849,55.471144292592975,177.46629236663972,116.44228858518596,237
80000,5,0.4,185,False,0.8430060308345193,0.5550224180347287,0.6617559144496239,1.2844934592080082,0.012477325677049789,53.70113113032849,170.588909917201,112.90226226065698,241
80000,5,0.4,200,False,0.8388240024269442,0.533856880035853,0.6830283936383827,1.2887080379421512,0.011992689984129681,52.23236392668511,164.75604220873777,109.96472785337022,242
80000,5,0.45,170,False,0.8399067621944439,0.5448292106085904,0.6545503727437219,1.2917918795809151,0.012339660948686035,57.07178128485423,168.45734417916336,119.64356256970846,266
80000,5,0.45,185,False,0.8384086491138044,0.5286671978066659,0.6726242534790603,1.2877430422367397,0.011806504689284791,55.24122164390641,161.8012670245312,115.98244328781281,270
80000,5,0.45,200,False,0.8349496204054286,0.5099896548241327,0.6917456982227429,1.2912783801536372,0.011342568505589845,53.72265140384005,156.1679798550741,112.94530280768011,274
80000,5,0.5,170,False,0.8317763965456548,0.5132000974998259,0.6702691822054472,1.300019214856438,0.011661960531256108,59.0138684157324,159.7357034952788,123.5277368314648,299
80000,5,0.5,185,False,0.8315050946186361,0.5000835649905406,0.6855620738547492,1.294843203873432,0.011150709469163245,57.11147209510126,153.28467858916096,119.72294419020253,302
80000,5,0.5,200,False,0.8289301777880488,0.48407124425838766,0.7023445071608535,1.2974835896454946,0.010706758883992654,55.53389788485134,147.83879043189563,116.5677957697027,305
80000,5,0.55,170,False,0.8201445207911607,0.4790450690135697,0.6883226609418421,1.3135796168452767,0.010997668606725033,61.38116469217482,151.2859194592454,128.26232938434964,337
80000,5,0.55,185,False,0.8214826199817388,0.4690366859385221,0.7007435477230312,1.306930298963026,0.010507314826094391,59.39245442645676,145.01962060131964,124.28490885291352,343
80000,5,0.55,200,False,0.8200443421753304,0.4558340120512241,0.7150261586746589,1.3083955033865768,0.010082575751622039,57.74408549020296,139.74608274272995,120.98817098040593,346
80000,6,0.4,170,False,0.8385589514066983,0.49939087422733375,0.6866468699037916,1.2686523750799223,0.012842748956136602,55.64210206303813,211.81771856456047,116.78420412607626,287
80000,6,0.4,185,False,0.8361518615881904,0.4824554049067179,0.7047955794899565,1.264533607150507,0.012290593483876802,53.85852541588448,203.5186953115465,113.21705083176896,288
80000,6,0.4,200,True,0.831784532512081,0.463532152115557,0.7235739611612116,1.268029133949833,0.011809217266760458,52.37857383447521,196.477675199724,110.25714766895042,291
80000,6,0.45,170,False,0.8306087334618778,0.4721855654374095,0.6997903736635471,1.2739132600356036,0.012165194162049309,57.25070161849595,201.21042036693558,120.0014032369919,322
80000,6,0.45,185,False,0.8293367754296106,0.45794812972070154,0.715525199681037,1.2689607489767118,0.011635932225717557,55.40746088345687,193.1844532647168,116.31492176691374,324
80000,6,0.45,200,True,0.825792274580066,0.4413618277701432,0.7323002030085322,1.2718022613374176,0.011175315224126126,53.8785374662541,186.38975772210077,113.2570749325082,328
80000,6,0.5,170,False,0.8196938923604908,0.44320447523511486,0.7146557629092183,1.2833498267308343,0.011502202514165241,59.19891405523925,190.92202459916754,123.8978281104785,359
80000,6,0.5,185,True,0.8198749400330089,0.4317263632722398,0.7278921149628979,1.2772956799360686,0.010994908646257254,57.284549226837335,183.14856545829133,120.06909845367468,368
80000,6,0.5,200,True,0.8173660265086945,0.41759636110601983,0.7425305594022881,1.2792649837995946,0.010554317597206528,55.69730419683057,176.58462501844565,116.89460839366114,369
80000,6,0.55,170,True,0.8046541047198045,0.4122933048231669,0.731350332896014,1.298198213223072,0.010851402514791886,61.57089949996471,180.93717283433085,128.64179899992942,408
80000,6,0.55,185,True,0.80677880530927,0.4035926363468747,0.742040502935586,1.2906926866912676,0.010365054242088126,59.5707592201577,173.39090981321237,124.64151844031541,414
80000,6,0.55,200,False,0.805634492176416,0.39201098084130953,0.7544314462556347,1.2915063426932465,0.009943701432858845,57.913253566146274,167.03883111294905,121.32650713229255,417
80000,7,0.4,170,True,0.8291035935998203,0.4412280484846157,0.7225563960827232,1.2557116794913321,0.01271545197070352,55.78155598513161,246.32253058837333,117.06311197026322,337
80000,7,0.4,185,True,0.8267417399660616,0.4259989661258202,0.7387132488108996,1.2509461290165849,0.012166165073775326,53.988632354465466,236.60846664710144,113.47726470893093,340
80000,7,0.4,200,True,0.8221343944762448,0.40891291385233686,0.755504130329289,1.2539486917045592,0.011687243379362236,52.50105437819261,228.3652868829393,110.50210875638524,343
80000,7,0.45,170,True,0.81891833861466,0.4161454695594101,0.7349893061685208,1.2617304859631755,0.012048085906055328,57.39365551363414,234.08906152697358,120.28731102726827,373
80000,7,0.45,185,True,0.8178667911773586,0.403401107567972,0.7489394365269191,1.2561491296583873,0.01152171714340465,55.54160341940663,224.69866189723083,116.58320683881327,379
80000,7,0.45,200,True,0.8141995134614812,0.3884922559488476,0.7638775016632795,1.258513544550198,0.011063566729224955,54.00555748963736,216.74749805401484,113.51111497927472,388
80000,7,0.5,170,True,0.8053155519818603,0.3896548290237377,0.7488253089124597,1.2719718805197837,0.01139446651987136,59.34433909673935,222.20979352797227,124.18867819347871,425
80000,7,0.5,185,True,0.8059680805535125,0.3794252653102317,0.7605142864998309,1.2653047312485433,0.010890080138501235,57.421590605135634,213.1183908576427,120.34318121027127,429
80000,7,0.5,200,True,0.803507245628257,0.3667778885356979,0.7734995905000742,1.2668108778629994,0.010451958486578664,55.82763377450671,205.4404485964353,117.15526754901343,431
80000,7,0.55,170,True,0.7869063118822368,0.36161991900462853,0.764158535955029,1.2876853478741914,0.010752309741457522,61.718020836129384,210.66897453473746,128.93604167225877,479
80000,7,0.55,185,True,0.7898696744653013,0.35389897684038796,0.7735625965875319,1.2795799171710933,0.010268877301806117,59.70981074967242,201.84642255200353,124.91962149934486,484
80000,7,0.55,200,False,0.789024998175433,0.3435740321972043,0.7845139769480582,1.2799419029264358,0.00984999082262375,58.045908627028,194.41910330310085,121.591817254056,487
80000,8,0.4,170,True,0.8180295803328704,0.39488308758185897,0.751360123579914,1.2463748573327873,0.01262461454589317,55.89594816803125,280.9217653474702,117.29189633606252,385
80000,8,0.4,185,True,0.8157085999298642,0.38104210645692177,0.7659251748534178,1.2411344554605017,0.012077552228996036,54.09619830049732,269.7966129494459,113.69239660099464,389
80000,8,0.4,200,True,0.8108381453538603,0.36548022448448514,0.7811015188955185,1.2437784553744364,0.011600533632135063,52.60309705247494,260.35484933081875,110.70619410494989,393
80000,8,0.45,170,True,0.8056747122519234,0.3717585463126304,0.763008054147153,1.252926099476623,0.011964214586219227,57.50945327637726,267.0451357309136,120.51890655275452,430
80000,8,0.45,185,True,0.8048555420014957,0.3602133839074108,0.7755466612846851,1.24688208742867,0.011440071037854535,55.65092648605047,256.2935904690649,116.80185297210096,433
80000,8,0.45,200,True,0.8010549612406352,0.34667788672853683,0.7890090627890358,1.2488986449550652,0.01098381769258909,54.1096876880351,247.1889239733785,113.71937537607022,443
80000,8,0.5,170,True,0.7894143697734409,0.3474777838303586,0.7758367092745005,1.2637375429246653,0.011317031051081256,59.46092465518038,253.56022213208118,124.42184931036077,484
80000,8,0.5,185,True,0.7905714430334201,0.33823950458923224,0.7863130657957433,1.256618286466219,0.010814865322691672,57.531978659136335,243.1535957679667,120.56395731827267,489
80000,8,0.5,200,True,0.7881633684067468,0.3267919485533745,0.7979832901547088,1.2577857593450716,0.010378629940825085,55.93309597039092,234.36409760679206,117.36619194078185,492
80000,8,0.55,170,True,0.7676129721847046,0.3219184871555659,0.7899302758631475,1.2800686153770837,0.010680835686617235,61.834950135215934,240.45059608741371,129.16990027043187,551
80000,8,0.55,185,True,0.7714783760022723,0.31496679345720074,0.7983349451842711,1.2715194836876453,0.010199617003520359,59.820739562679755,230.3539932646628,125.1414791253595,554
80000,8,0.55,200,False,0.7709587241580045,0.30564836110831195,0.8081510551157058,1.271550057429372,0.009782603432271414,58.15211227500323,221.85343782512905,121.80422455000647,563
85000,5,0.4,170,False,0.8407091149404224,0.5450363047778913,0.6544510598692619,1.3451632355375236,0.013115846297753836,55.6638396420399,179.050031182951,116.8276792840798,234
85000,5,0.4,185,False,0.8393637624996044,0.5288539031048975,0.6725434489464736,1.3382726882387488,0.012549205962145954,53.870718980608785,171.97640317270006,113.24143796121758,239
85000,5,0.4,200,False,0.8359639711057996,0.5101587918545261,0.6916801988477241,1.3393644520647723,0.012056126572825579,52.383961553035505,165.98963315388033,110.26792310607102,241
85000,5,0.45,170,False,0.833175470363621,0.5151618036588916,0.6692643290643573,1.351303967712732,0.01243349457352158,57.29250167794891,170.26547556474605,120.08500335589784,260
85000,5,0.45,185,False,0.8329976188959091,0.5018606903464667,0.6847266936277717,1.3434092499000978,0.0118889262220786,55.43706886053736,163.39877802460302,116.37413772107472,267
85000,5,0.45,200,False,0.8304394942875174,0.48568445318497266,0.7016539211013,1.3437123419081922,0.011415980267457396,53.899253582087084,157.60101876169506,113.29850716417417,271
85000,5,0.5,170,False,0.8226119325893129,0.4832287014477702,0.686057851638762,1.3621309011846583,0.01176794473331376,59.265637289351176,161.78959446644333,124.03127457870237,296
85000,5,0.5,185,False,0.8239296841506181,0.47285095899359497,0.6988218858484395,1.3529293623489402,0.011244376203248682,57.33608213510138,155.1097384396715,120.17216427020276,299
85000,5,0.5,200,False,0.8224296282577134,0.45930931406265124,0.7134078539713371,1.35219949756997,0.010790720268161955,55.737616856193284,149.48589645300692,116.97523371238658,302
85000,5,0.55,170,False,0.8078024253445132,0.4490994566304025,0.7049225528091869,1.3790479170597376,0.011117179368325028,61.66868523529407,153.6189326658907,128.83737047058813,336
85000,5,0.55,185,False,0.8111249628771615,0.44163317022390275,0.7149670694247764,1.3681412411111513,0.01061337837563725,59.649813493350266,147.1003726905214,124.79962698670053,336
85000,5,0.55,200,False,0.8110196262113479,0.43080418269290777,0.7271119583298299,1.366058668752238,0.010178066987685891,57.978375516283,141.63148136980485,121.456751032566,344
85000,6,0.4,170,False,0.831754164478731,0.47237661058705716,0.6996951863510676,1.3285086528369148,0.012930364173198566,55.853891978388006,213.8616208070455,117.20778395677601,286
85000,6,0.4,185,False,0.8306391393462735,0.45812055629880943,0.7154467690071231,1.3206477124154732,0.012367861030230243,54.04729188397222,205.33212526630658,113.59458376794444,288
85000,6,0.4,200,True,0.8271590992021981,0.441517915195165,0.7322358824158023,1.320981907057313,0.011878307916255743,52.549528734433125,198.11103255921736,110.59905746886625,291
85000,6,0.45,170,False,0.8216075440237103,0.4449912618726506,0.7137159781385404,1.3357467586248606,0.012262854307474438,57.488770501984014,203.49961918008404,120.47754100396803,318
85000,6,0.45,185,True,0.8218693084584275,0.43334705810925356,0.7271035759425075,1.3269070459739554,0.011722486992559428,55.62058093369664,195.22495744409127,116.74116186739327,322
85000,6,0.45,200,True,0.8193701177655216,0.41906717788639936,0.7418732404607579,1.3264757127498956,0.011253108449482602,54.07245141401578,188.23661946222037,113.64490282803156,324
85000,6,0.5,170,True,0.8079078288082309,0.41606064480752514,0.7292735977660486,1.3477346686773577,0.011610902410368412,59.466705384081486,193.4853814347299,124.43341076816297,357
85000,6,0.5,185,True,0.8099662044067275,0.407031721915748,0.7402664213430089,1.337610175951561,0.011091584185899075,57.524948229117165,185.44053303373002,120.54989645823433,359
85000,6,0.5,200,True,0.8087286054575904,0.3951445506059974,0.7529284375462539,1.3361660960988033,0.010641523335229802,55.916716444631334,178.6660083216532,117.33343288926268,368
85000,6,0.55,170,False,0.7891692553062727,0.38546470786887566,0.7464471401912326,1.3658972779165466,0.010972615673851147,61.873546023178775,183.8175723002068,129.24709204635752,402
85000,6,0.55,185,False,0.7936741034953012,0.3790112827068367,0.7550516205770758,1.3540852035360447,0.010473107202766174,59.842846232180825,175.97107039359113,125.18569246436165,410
85000,6,0.55,200,False,0.7941320564984049,0.3695559697003884,0.7655435266993499,1.3513048148908282,0.010041410998366154,58.16203966884212,169.3868658903398,121.82407933768424,414
85000,7,0.4,170,True,0.8203333202877766,0.4163208389555684,0.7349000208656076,1.3172472630457996,0.01280586600598771,56.00575916757917,248.8068105024217,117.51151833515834,335
85000,7,0.4,185,True,0.8194409485510786,0.40355942330419614,0.7488653890851438,1.3087078971147392,0.012246436723951329,54.18979351528739,238.8272535396163,113.87958703057478,337
85000,7,0.4,200,True,0.815841117844396,0.38863544255854,0.763816423569212,1.3085173849562277,0.011759504308938004,52.684459387277904,230.3770939678745,110.86891877455582,341
85000,7,0.45,170,True,0.8076693262962114,0.3912819429781668,0.7479563105543785,1.3252094958652942,0.012147811555689489,57.64315345955629,236.84298354233,120.78630691911258,370
85000,7,0.45,185,True,0.808386513561893,0.3809016766857792,0.7597815935138393,1.3157073445753507,0.011610532762599199,55.766032352073836,227.1651856951051,117.03206470414767,373
85000,7,0.45,200,True,0.8059249362858099,0.3681169989745157,0.7728862430942938,1.314765798214691,0.011143777988913167,54.21074822541332,218.99062477914487,113.92149645082664,380
85000,7,0.5,170,True,0.7908788289764087,0.3650257693676787,0.7622608720653475,1.3379713203241481,0.011504566643191452,59.62284171679988,225.2692173286611,124.74568343359978,419
85000,7,0.5,185,True,0.7937238236378167,0.35700942496747434,0.7719356198574754,1.327197861618793,0.010988345601386298,57.672477660286866,215.86337640607,120.84495532057373,425
85000,7,0.5,200,True,0.7927494937937495,0.3464071859495612,0.7831313602016634,1.325255854209128,0.010540905807025491,56.05741549696477,207.94176288321688,117.61483099392956,430
85000,7,0.55,170,False,0.7681814494339428,0.33744512503854995,0.7778842306998411,1.3569725878985381,0.010874310790979294,62.030940810862745,214.08587545028112,129.5618816217255,469
85000,7,0.55,185,True,0.7739574830228715,0.3317392562769936,0.7854289632495489,1.3445216794973232,0.010377906830805445,59.991837593449105,204.91473314725363,125.48367518689821,479
85000,7,0.55,200,False,0.7750093732262929,0.32333646482879197,0.7946749194318319,1.3412528002226463,0.009948826782763126,58.30442607296309,197.218166641083,122.10885214592618,484
85000,8,0.4,170,True,0.807317335164313,0.37191974858802646,0.7629248546571211,1.3091610722706595,0.01271670432250678,56.128786541675915,283.8343873631235,117.75757308335183,384
85000,8,0.4,185,True,0.8066583713758384,0.36035888788810544,0.7754774049128661,1.3001208346155966,0.012159639347886067,54.305939245731246,272.40826574658263,114.11187849146249,385
85000,8,0.4,200,True,0.8029266172913082,0.34680936801726325,0.7889517544937672,1.2995456335381261,0.011674722631801387,52.795085532292966,262.73219438328044,111.09017106458593,389
85000,8,0.45,170,True,0.7921679154454524,0.3489653450739148,0.7750344103086192,1.3176323157576402,0.012065141894132034,57.766990748844094,270.25380252872094,121.03398149768819,427
85000,8,0.45,185,True,0.7933710250436564,0.3395892540205455,0.7856347215476107,1.307640079232958,0.011530222937674667,55.88326947091075,259.17579177616017,117.2665389418215,430
85000,8,0.45,200,True,0.7909494639243752,0.3280153699335,0.79741411403654,1.306323586095811,0.011065473114353047,54.3227365703141,249.81763730919096,114.1454731406282,435
85000,8,0.5,170,True,0.7722740983762766,0.3250167277912927,0.7881919505358155,1.3309430488126626,0.011427900031321506,59.74705373154052,257.1075039765722,124.99410746308104,476
85000,8,0.5,185,True,0.7759633865328458,0.31779648524143056,0.7968414626390735,1.3196883481808224,0.010914031987150283,57.790294196915276,246.34310479421285,121.08058839383055,483
85000,8,0.5,200,True,0.7752738004037292,0.30822456973569506,0.8068797308533997,1.3173794237437029,0.010468583892805403,56.17019020564257,237.27658367801337,117.84038041128514,489
85000,8,0.55,170,False,0.74553619969045,0.29997710601381683,0.8024610537982245,1.3505443011117357,0.010803204062691404,62.155279606218706,244.39730710129427,129.81055921243743,538
85000,8,0.55,185,True,0.7526821134012452,0.29485250424999376,0.8091878578721873,1.337618418534083,0.01030914706139073,60.10989868535768,233.90354387885714,125.71979737071534,549
85000,8,0.55,200,False,0.7543770089660683,0.2872861370779384,0.8174575982115185,1.3339884506130304,0.009882045374880855,58.41758226975861,225.0964159747705,122.33516453951724,557
90000,5,0.4,170,False,0.8335902361227683,0.5170787719759762,0.6682860056889028,1.4058059740377158,0.01320927175187564,55.88352963758001,180.84996579140787,117.26705927516002,233
90000,5,0.4,185,False,0.8335568599985347,0.5035966981018465,0.6839144035902338,1.395101620383416,0.012631248247258031,54.0656072787614,173.56629190137684,113.6312145575228,237
90000,5,0.4,200,False,0.8310453121767093,0.4872600658150947,0.7009831995283521,1.3929921702023762,0.0121291813116952,52.559656066470595,167.41547420889782,110.6193121329412,239
90000,5,0.45,170,False,0.823849877845841,0.4869158393098069,0.684073601804333,1.4141850421748998,0.01253838032728731,57.5414198173111,172.29694428273353,120.58283963462222,260
90000,5,0.45,185,False,0.8252273720796995,0.4762098297562772,0.697142177234252,1.4023110854929692,0.011981581267365038,55.6590526239134,165.20318625694125,116.8181052478268,263
90000,5,0.45,200,False,0.8237146759921722,0.4623681167521287,0.7119962871259354,1.3992864843096866,0.011498996595317612,54.1005086156936,159.22878666442946,113.7010172313872,267
90000,5,0.5,170,False,0.8104717744066572,0.45496983214212605,0.7016171592861196,1.4278785065418789,0.011885404589393675,59.54764638944644,164.07986579005163,124.5952927788929,296
90000,5,0.5,185,False,0.8136914617265021,0.4470197773804463,0.7121159758433753,1.4144882042700198,0.011348568140339535,57.588417187513514,157.15151789475303,120.67683437502703,296
90000,5,0.5,200,False,0.8134629119447394,0.4357333366683822,0.7246746820179233,1.4102708578809608,0.010884477368053647,55.96723707085626,151.33512304090794,117.43447414171251,302
90000,5,0.55,170,False,0.7918968247601635,0.4211378002206795,0.7209789123293767,1.4485031395234815,0.011248891444630205,61.98962663084388,156.20914640718644,129.47925326168777,330
90000,5,0.55,185,False,0.797629330210622,0.4158719187700343,0.7289432105012712,1.433136131985805,0.010730528894307506,59.93748632525676,149.4145390205418,125.3749726505135,336
90000,5,0.55,200,False,0.7992109922195232,0.4071613811607111,0.7391598677767838,1.4273597246537955,0.010283791770162476,58.24071950252091,143.7326240176223,121.98143900504182,337
90000,6,0.4,170,False,0.8224763539128718,0.44673858721746607,0.7127997745258213,1.3914136670881632,0.013027656308734495,56.09098230289003,216.14174689859763,117.68196460578007,283
90000,6,0.4,185,False,0.8228769525977077,0.43493141463959417,0.7263356663625766,1.379699900763018,0.012454077281790404,54.259510325543324,207.36427705355314,114.01902065108665,286
90000,6,0.4,200,False,0.8204183078568701,0.42050473580075526,0.7412337496664549,1.3767950694333253,0.01195578537235921,52.742597044070486,199.9500793172601,110.98519408814097,288
90000,6,0.45,170,False,0.8098092073380249,0.41938506417188925,0.7274503406920773,1.4008493653303729,0.01237054694466315,57.75380720414235,206.0377305502009,121.0076144082847,316
90000,6,0.45,185,False,0.8118965890209489,0.4100640160643575,0.7387121028587803,1.3879880265743003,0.011818242889848549,55.85846351939865,197.49387189808138,117.2169270387973,318
90000,6,0.45,200,False,0.8106222677341595,0.39790597484205514,0.7516140818546311,1.3841887395494283,0.011339462014811771,54.289521147713906,190.29658700821923,114.07904229542781,322
90000,6,0.5,170,False,0.7928417551335689,0.3907059844009868,0.7434570507575142,1.4156685949603722,0.011730204371878925,59.76393957553314,196.3168807592673,125.02787915106627,354
90000,6,0.5,185,False,0.797165070863448,0.3838264514053671,0.7524589429966472,1.4013088072816757,0.0111979055970967,57.792134761166864,187.97641541362216,121.08426952233373,357
90000,6,0.5,200,False,0.7974418160998372,0.373963044000026,0.7633170260391909,1.3963339976390063,0.010737639364020363,56.16097619207042,180.97321451541066,117.82195238414086,362
90000,6,0.55,170,False,0.7696698811756086,0.36060920625888204,0.7608761873750272,1.4375119706475339,0.011105276962532565,62.20923514856908,186.99421323466012,129.91847029713816,396
90000,6,0.55,185,False,0.7770831824054557,0.35608525626847576,0.767668239355314,1.4211877822005083,0.010591495079236346,60.14472517349066,178.8184086453392,125.78945034698133,402
90000,6,0.55,200,False,0.7794799140276709,0.3485101996220816,0.7764620105414775,1.414666564106423,0.010148601517732905,58.43824256882534,171.98040794087117,122.37648513765068,411
90000,7,0.4,170,False,0.8089155160557497,0.39287386313157946,0.7471084426960125,1.3817581149551843,0.012905247626047667,56.25430718541915,251.5506750553438,118.0086143708383,329
90000,7,0.4,185,False,0.8097632374048811,0.3823456484034211,0.7590674384663783,1.369334661467653,0.01233493806441159,54.41335300537299,241.28458088511317,114.326706010746,335
90000,7,0.4,200,False,0.8073342871854782,0.36942640889957146,0.7722889550065313,1.3658747040700625,0.0118394242759996,52.88883965021884,232.61166988728817,111.2776793004377,335
90000,7,0.45,170,False,0.793373464458469,0.36803361592835937,0.7605927227415534,1.3918919925425353,0.012256959264140721,57.91895158145509,239.8741042226735,121.33790316291018,369
90000,7,0.45,185,False,0.7962115102466562,0.3597541469004603,0.7705082009424084,1.378334607631653,0.011707933721980632,56.0144622195792,229.8844712234951,117.52892443915842,372
90000,7,0.45,200,False,0.7951730871068481,0.3489058113598703,0.7819204632247638,1.3739930241140814,0.011231928597338403,54.438254191543,221.46819020065598,114.376508383086,376
90000,7,0.5,170,False,0.7728078153415471,0.34215744343372256,0.7751746885337033,1.4074633619546175,0.01162474132509729,59.930392654796954,228.63072579437176,125.36078530959391,408
90000,7,0.5,185,False,0.7783130233069993,0.33607044006969256,0.783072912807385,1.3924181211180116,0.011095728230348711,57.94966390065929,218.88175361629828,121.39932780131858,418
90000,7,0.5,200,False,0.7791193985701341,0.32729975700454755,0.7926468742918816,1.3869112774839891,0.01063823288531765,56.311479782424605,210.69497725170615,118.12295956484922,425
90000,7,0.55,170,False,0.7449353349090971,0.3151621045655848,0.790905445294319,1.4301298802327997,0.011007300203011286,62.376779369406954,217.83978460182945,130.25355873881392,462
90000,7,0.55,185,False,0.7541641309602058,0.31117667963628004,0.7968424939713487,1.41312671115534,0.010496814505707372,60.30343370772964,208.2857915082303,126.10686741545926,470
90000,7,0.55,200,False,0.757520822601839,0.3044630915511626,0.8045721269793148,1.406080349393286,0.010056688449441992,58.590059584259286,200.29438072346986,122.68011916851857,479
90000,8,0.4,170,False,0.7937512183236052,0.35042119397853627,0.774251212271062,1.3748707655763615,0.012817303160263,56.385390987772205,287.03194671582827,118.27078197554441,377
90000,8,0.4,185,False,0.7950739459911764,0.3409097582251315,0.7849731633233347,1.3619211510154985,0.012249492647380511,54.53743215679173,275.2803584113052,114.57486431358346,382
90000,8,0.4,200,False,0.792675626189169,0.3292120141194885,0.7968594997813971,1.3580518403323696,0.011756102556314416,53.007345376930445,265.3515503093773,111.51469075386089,386
90000,8,0.45,170,False,0.7753308921275262,0.32775443103159413,0.786662580224995,1.3854960134834413,0.01217509427127432,58.05044277116918,273.76958239710825,121.60088554233836,421
90000,8,0.45,185,False,0.7789720057524385,0.320294827800022,0.7955299658201896,1.3714215276068429,0.011628560977608324,56.13916173190726,262.33680646547293,117.77832346381452,428
90000,8,0.45,200,False,0.7781878232225004,0.3104977880236467,0.805765213961833,1.3666791314195224,0.011154666342075972,54.557594242856666,252.70388830871642,114.61518848571333,430
90000,8,0.5,170,False,0.7511063592698519,0.30424744141052334,0.799992922523485,1.401601890741391,0.01154849790112368,60.06203145372413,260.9921281690575,125.62406290744826,474
90000,8,0.5,185,False,0.7578818494792662,0.29877789302945207,0.8070382030765144,1.3860462757082115,0.011021970659495464,58.074642013660196,249.836855831281,121.64928402732039,478
90000,8,0.5,200,False,0.7592601708587714,0.2908768490058672,0.8156048220656503,1.3801451915257879,0.010566572289613635,56.43124587105117,240.46847334647487,118.36249174210234,482
90000,8,0.55,170,False,0.7183768291652107,0.27982461532454633,0.8142887289074953,1.424858835302107,0.010936256610804676,62.50851561490306,248.72283897040387,130.51703122980612,530
90000,8,0.55,185,False,0.7295671604080611,0.2762534882856389,0.8195700387430631,1.4073488629482318,0.010428254391186192,60.428542970743464,237.792504914243,126.35708594148693,538
90000,8,0.55,200,False,0.7339627537207859,0.2702199953089753,0.826470438386096,1.3999122477457393,0.00999021421599132,58.710027809953665,228.64932312910173,122.92005561990733,545
