surface,condition,AR_panel,taper,tc,c_ref_m,G_req_GPa,G_eff_GPa,stiffness_factor,V_flutter_mps,V_flight_mps,Vf_over_V
wing,dash M1.05 / 5 km,1.3639575273971525,0.2451723535447838,0.05,0.26767432921800355,0.46743927574552385,1.992470981029218,4.262523678292554,868.561701765244,336.55594037407064,2.580735020751281
wing,accel M0.80 / 300 m,1.3639575273971525,0.2451723535447838,0.05,0.26767432921800355,0.4911226415554842,1.992470981029218,4.056972357695955,683.0946782226388,271.31253834940986,2.5177409137756666
wing,descent M0.95 / 3 km,1.3639575273971525,0.2451723535447838,0.05,0.26767432921800355,0.49660487135673237,1.992470981029218,4.012185735483738,781.5605293784251,312.1491025240582,2.5038051465106745
htail,dash M1.05 / 5 km,0.9439413176713016,0.49381850870389177,0.045,0.09067545976362935,0.29135323294288584,6.5353139001153,22.430895425816065,1992.4644382992021,336.55594037407064,5.920158283596613
htail,accel M0.80 / 300 m,0.9439413176713016,0.49381850870389177,0.045,0.09067545976362935,0.30611499035981593,6.5353139001153,21.349212243521666,1567.0065253670466,271.31253834940986,5.7756509702805445
htail,descent M0.95 / 3 km,0.9439413176713016,0.49381850870389177,0.045,0.09067545976362935,0.3095320446366137,6.5353139001153,21.113529320648098,1792.8853620876107,312.1491025240582,5.743682578582548
vtail,dash M1.05 / 5 km,1.2,0.35,0.045,0.13887756159347886,0.4976725578119852,4.2670146695635705,8.573940038654086,1231.8490543738387,336.55594037407064,3.660161377644025
vtail,accel M0.80 / 300 m,1.2,0.35,0.045,0.13887756159347886,0.5228877287482344,4.2670146695635705,8.160479649768371,968.8080095014283,271.31253834940986,3.570819157107103
vtail,descent M0.95 / 3 km,1.2,0.35,0.045,0.13887756159347886,0.52872454107717,4.2670146695635705,8.070392686653783,1108.4584976450494,312.1491025240582,3.551054571940079
