MN,alt_m,Fn_N,Fg_N,Fram_N,W_kgps,Wf_kgps,TSFC_kgpNh,FAR,OPR,comp_PR,Pt2_kPa,Tt2_K,Pt3_kPa,Tt3_K,Pt4_kPa,Tt4_K,Pt5_kPa,Tt5_K,turb_PR,comp_pwr_kW,Wc2_kgps,NPR,Vj_mps,A8_cm2,Nmech,comp_eff,turb_eff,res,c_in_gamma,c_in_Cp,c_out_gamma,c_out_Cp,t_in_gamma,t_in_Cp,t_out_gamma,t_out_Cp,conv,comp_RlineMap,comp_NcMap,comp_WcMap,SMN,N_pct,case
1e-06,0.0,677.7114403994054,677.7119046379066,0.00046423850123916113,1.3641613638735663,0.025411952745420956,0.13498817406653255,0.017696847123422406,4.215006300060057,4.347734180163786,98.23141852038317,288.1500000000577,427.0840958670439,500.4677989211954,405.7298910736917,1180.4114105120698,159.7147494724416,1003.1719951385021,2.5403407788815358,293.7654322136643,1.4071226118537759,1.5762672543774936,498.1202629513701,70.76775476225461,100000.0,0.6983191071024186,0.74937439743723,1.4988365662985895e-09,1.4001452291610537,1004.4167849535459,1.3865224047649412,1029.7111578151807,1.310522815786234,1211.3533988884712,1.3230654204748296,1175.4775323916017,True,1.976379843397773,1.0353875034113087,2.5182318318158448,0.13544466439783842,100.0,SLS
1e-06,0.0,548.2306235021164,548.231051000076,0.00042749795975018123,1.2561995574889644,0.0211595985837491,0.13894618730871153,0.016001931010661285,3.757740974982907,3.876069859469105,98.23141852038313,288.1500000000577,380.7518405797523,480.31644512453664,361.71424855076464,1104.4252486759913,147.25426317162,941.5965376803274,2.4563923703125563,244.47849011185312,1.2957607869234873,1.4532914078416768,438.31237124270194,70.76775477048211,95000.0,0.7014131640940613,0.7486427877851634,3.836148042441783e-09,1.4001452291610537,1004.4167849535459,1.3885159602343342,1025.8917326782307,1.3166886346168045,1193.3607411657204,1.3292512751193397,1158.7977074377386,True,1.7465617599169212,0.9836181282407434,2.3189351322956457,0.14957319519139212,95.0,SLS
1e-06,0.0,443.99303329856394,443.9934261816395,0.0003928830756009743,1.1544839792995947,0.017779422982865053,0.14415974562211945,0.014630304219525804,3.3548767779056536,3.4605197238567196,98.23141852038336,288.1500000000577,339.93176129221087,460.20861017866724,322.93517322760033,1038.470543842741,137.26265615834478,890.792280502265,2.352680490570324,200.9299657666093,1.1908419013441183,1.3546815856490846,386.77114699354433,70.76775490010047,90000.0,0.7044961885610326,0.7478794551207824,8.78612058725794e-09,1.4001452291610537,1004.4167849535459,1.3903401649837726,1022.446528600622,1.3223834512031611,1177.3686561965505,1.3346194280534562,1144.8103247623976,True,1.5860987204770067,0.9318487530701778,2.131168924005817,0.14082250490908765,90.0,SLS
1e-06,0.0,359.13270819705934,359.1330672091466,0.00035901208721231736,1.05495433323904,0.015131179533474887,0.15167720755364947,0.01362582256301707,3.0008568986677826,3.0953519827318687,98.23141852038331,288.1500000000577,304.0608160836325,441.9479398153444,288.85777527945083,986.4005412970846,130.11112441501405,853.0629812323684,2.22008515089059,163.91974941932938,1.088177788996051,1.28410122133919,342.70255072569165,70.76775475724938,85000.0,0.7071221953338298,0.747135507899405,2.6908924685000023e-09,1.4001452291610537,1004.4167849535459,1.391958025383143,1019.401255208463,1.3271340584616567,1164.4422496212542,1.338809940793942,1134.208786250731,True,1.5797851708817272,0.8800793778996125,1.9474379303282463,0.17293922458448785,85.0,SLS
1e-06,0.0,287.3147545396131,287.3150797567366,0.0003252171235216628,0.9556480851849806,0.012908721593181783,0.16174386104855343,0.012832428279442367,2.691676853840978,2.7764360540180926,98.23141852038326,288.1500000000577,272.7332520173327,424.48224963355176,259.09658941646603,942.1093688674773,123.91238232669915,822.9114562026491,2.090966088710563,131.5141225046662,0.9857441100810855,1.2229241903693708,302.8977847730909,70.76775477997079,80000.0,0.7095805951946426,0.7461297451946335,4.42450945204776e-09,1.4001452291610537,1004.4167849535459,1.3933208594613773,1016.8707711578132,1.3313466946475696,1153.2997935212443,1.3422808781785038,1125.6204653334023,True,1.474417860867971,0.828310002729047,1.7641193277262504,0.17366037261039313,80.0,SLS
1e-06,0.0,232.00706053403133,232.00735553811813,0.00029500408681363226,0.8668673027802999,0.01119158468105329,0.17365723594382618,0.012264859238433191,2.4275723777535125,2.5040150951684312,98.23141852038322,288.1500000000577,245.97295479484737,408.4029497421249,233.67430705510498,906.9093168236973,119.0838620841165,801.0834743391941,1.96226678380691,105.12299922138645,0.8941673730996431,1.1752702424576726,269.79148561167017,70.76775481861173,75000.0,0.7119739563155453,0.7450709517274741,2.6298633643798336e-09,1.4001452291610537,1004.4167849535459,1.3945664039440069,1014.5590872798101,1.334790553092704,1144.3977055922232,1.3448811736862478,1119.3209365714215,True,1.377169828660872,0.7765406275584815,1.6002306572034717,0.15460562835498126,75.0,SLS
1e-06,0.0,186.83412896962486,186.8343956104321,0.000266640807230253,0.7835220178521612,0.009750469038645878,0.18787621262083185,0.01182218926292045,2.1908859339498417,2.259875545082356,98.23141852038316,288.1500000000577,221.99078047296393,393.27598153791075,210.89124144931571,877.0034322446562,115.60364011057727,784.00207701755,1.824261253777077,83.01551331603727,0.8081973125777938,1.1409230081186377,240.4776368466497,70.76775475706604,70000.0,0.7142004328085367,0.7449329667572446,2.0157144342784575e-10,1.4001452291610537,1004.4167849535459,1.395546563925214,1012.7616383532882,1.3377998159234818,1136.764444591117,1.3469322979952676,1114.3898593158722,True,1.3404251614105418,0.7247712523879161,1.4463758749895363,0.1563764460925452,70.0,SLS
1e-06,0.0,145.10282973488196,145.10306566788475,0.00023593300279685424,0.6932873641868303,0.008406468816072385,0.20856442147375606,0.01151924265147377,1.9852445022926144,2.0477585949223522,98.23141852038341,288.1500000000577,201.15423156652986,378.9180984751448,191.09651998820337,852.8753493071193,112.31184250059994,772.2248269577867,1.7014814798998827,63.37649011573563,0.7151209178727376,1.1084353837869467,211.13606473067733,70.76775475712495,65000.0,0.7164687131368386,0.7428236099764549,3.0063879586826335e-12,1.4001452291610537,1004.4167849535459,1.3964768825151055,1011.0555859104605,1.34025935925484,1130.6127440839741,1.3483862273426428,1110.9536465225635,True,1.2799126386502564,0.6730018772173506,1.2798033688239279,0.14010730289803153,65.0,SLS
1e-06,0.0,112.41688627548474,112.417094196012,0.00020792052725281433,0.6109729143046436,0.007307906576367224,0.23402590612989796,0.01136304259158563,1.8055676086077612,1.8624237895987727,98.23141852038334,288.1500000000577,182.94853073839542,365.5397369635505,173.80110420147562,835.0645194473583,109.83099837988897,766.1484337406063,1.5824412667207453,47.59619713978352,0.630214156268937,1.083951274679829,185.64214878340735,70.76775480597055,60000.0,0.7185459562668182,0.7422041339837293,7.976832756115285e-10,1.4001452291610537,1004.4167849535459,1.3972122639882283,1009.7154891212213,1.3420984041608253,1126.0925331244302,1.3491361601234324,1109.183985630943,True,1.2418663542038253,0.6212325020467853,1.1278515005165153,0.12944197732025287,60.0,SLS
1e-06,0.0,87.1510916140175,87.15127427917625,0.000182665158746136,0.5367602028314713,0.0064182236566632175,0.2651212364191574,0.011359471960972587,1.6512933932717226,1.7032915768841947,98.2314185203833,288.1500000000577,167.31674775115496,353.2734695443389,158.95091036359722,824.0699545844487,107.88172670420711,766.0095032651463,1.4733812223771028,35.17240033844128,0.5536642794241923,1.0647133951363472,163.81782493606073,70.76775476505921,55000.00000000001,0.7202870054847801,0.7389174086370656,8.259287607232013e-10,1.4001452291610537,1004.4167849535459,1.3978319193399888,1008.5904306006803,1.3431703408718108,1123.4590117352902,1.349153328846466,1109.143520544203,True,1.2171763771983546,0.5694631268762198,0.9908553816497513,0.12430597940835342,55.00000000000001,SLS
1e-06,0.0,63.36836323166553,63.36851651126599,0.0001532796004563925,0.4504109595702553,0.005641525230917437,0.32049890190558056,0.011899019896152406,1.516151499771805,1.5638941507087525,98.2314185203832,288.1500000000577,153.6235408398507,342.35570780657184,145.94236379785815,835.0066949946477,106.2075916272892,786.9864060630583,1.374123653137799,24.55306925094135,0.4645956575389446,1.0481909117095427,141.87330435553815,70.7677547570979,50000.0,0.7213280511344367,0.737929809205839,5.1284752555718e-11,1.4001452291610537,1004.4167849535459,1.3983834521949934,1007.5890566334814,1.34173926147376,1126.9726887075878,1.346564407458205,1115.2611821037692,True,1.1317986769415185,0.5176937517056545,0.8314553144774912,0.08060290144035398,50.0,SLS
1e-06,0.0,46.53670308748862,46.53683257427798,0.00012948678936525374,0.3804959621242485,0.00496923267310184,0.3844113664333936,0.012406888664708644,1.4029269347247326,1.4471042157844984,98.23141852038316,288.1500000000577,142.15109986333792,332.43271590514433,135.04354487017102,845.6258914603991,104.81984513518302,806.5523535017129,1.2883394809065916,16.94085450434066,0.3924788417286612,1.0344948731973371,123.27214278813997,70.76775569096317,45000.0,0.7217260202955028,0.7366749886714705,3.3251218000060114e-08,1.4001452291610537,1004.4167849535459,1.3987709495930147,1006.8894277494189,1.3403600863095517,1130.3696041112348,1.3442282369897312,1120.8987539167636,True,1.049399699109754,0.46592437653508867,0.702392744054542,0.031096064240784704,45.0,SLS
1e-06,0.0,37.0574934170826,37.05760395768586,0.00011054060327093155,0.324822735983709,0.004869976839332032,0.47310044487557085,0.014243085488934078,1.3015305338974044,1.342514906483518,98.2314185203834,288.1500000000577,131.87714364863584,322.75872978305523,125.28328646620403,906.2486982824568,104.07912439067616,876.2546334803367,1.203731172794411,11.300385075278756,0.335052310343285,1.0272823050637003,114.77891849942023,70.75729231716308,40000.0,0.7231134441149262,0.733168209494034,0.012389085967449275,1.4001452291610537,1004.4167849535459,1.3991215641766916,1006.2576011379487,1.3335083241795214,1147.6861640867821,1.33622856021023,1140.7248098614605,False,1.0,0.4141550013645235,0.6056429506401648,,40.0,SLS
1e-06,0.0,34.70058200706935,34.70068578580695,0.00010377873760109722,0.3049530442845731,0.005015534220116394,0.5203348805141248,0.015624561218232158,1.2557877966924593,1.2953317594411622,98.23141852038334,288.1500000000577,127.24227618440932,318.0914874063257,120.88016237518885,953.3168938362754,103.8862421691108,927.7178872954412,1.163582009044225,9.17705607421689,0.31455686660704935,1.025371939073379,114.32603927059354,70.76048052757307,37500.0,0.7240783958212812,0.7298823079352851,0.00966865895881707,1.4001452291610537,1004.4167849535459,1.3992907191891277,1005.9527745753857,1.3285078893459763,1160.7643838631632,1.3306843138057876,1155.0122419081615,False,1.0,0.38827031377924076,0.5677902662251545,,37.5,SLS
1e-06,0.0,33.48061414658492,33.48071118441452,9.703782959683784e-05,0.2851449365289878,0.005440912252400427,0.585033596542896,0.018127155623732908,1.2161983325615155,1.2544956481466145,98.23141852038327,288.1500000000577,123.23088704508957,314.0641914784097,117.0693426928351,1040.278402886917,103.81649550497406,1018.635068338552,1.127656468496628,7.42551301101735,0.2941249462645941,1.0246632207992157,117.6793491580255,70.75927880790225,35000.0,0.724855215600545,0.7225572337735544,0.006353464671580794,1.4001452291610537,1004.4167849535459,1.3994366806022667,1005.6897441443433,1.319911826535096,1184.2323245076693,1.3215647302320372,1179.619394289095,False,1.0,0.36238562619395803,0.5299375818101442,,35.0,SLS
1e-06,0.0,,,7.718113399152225e-06,0.022679618500005157,49.598111776047496,,2077.5572652262385,1.1800981959008001,1.2172587410354343,98.23141852032819,288.14999999976857,119.57305283817954,310.6842716399597,113.59440019627056,2500.0,17.23584551369297,2500.0,6.590590528676171,0.5134757973293758,0.02339386297304202,1.0845563709996233,,,32500.0,0.7246963121845515,0.24286823178079509,,1.4001452291610605,1004.4167849535336,1.3995591791434088,1005.4689950889203,-1954.2915409159632,45998920.06297672,-1295.7790566032982,65832317.14465499,False,1.0,0.33650093860884417,0.4822704300458712,,32.5,SLS
1e-06,0.0,,,7.718113399152225e-06,0.022679618500005157,49.598111776047496,,2077.5572652262385,1.1800981959008001,1.2172587410354343,98.23141852032819,288.14999999976857,119.57305283817954,310.6842716399597,113.59440019627056,2500.0,17.23584551369297,2500.0,6.590590528676171,0.5134757973293758,0.02339386297304202,1.0845563709996233,,,30000.0,0.7246963121845515,0.24286823178079509,,1.4001452291610605,1004.4167849535336,1.3995591791434088,1005.4689950889203,-1954.2915409159632,45998920.06297672,-1295.7790566032982,65832317.14465499,False,1.0,0.33650093860884417,0.4822704300458712,,30.0,SLS
1.02,5000.0,500.00000049929474,933.555630931988,433.5556304326933,1.3257543142472787,0.022799944250443942,0.16415959843926833,0.016337828815755788,3.877887769020531,3.9999999999927462,102.1045585655212,308.90466137184205,408.4182342613442,520.3096502753131,387.99732254827694,1149.999999970725,149.3241522967274,971.5062084421953,2.5983561036882596,284.98451513908805,1.362189249248473,2.764240912191353,565.6222223248301,70.76905595627424,100000.0,0.699999999999511,0.7500000000001413,1.8332069665543898e-09,1.3996236776143818,1005.3527653247414,1.3845010911996347,1033.6144667525582,1.3133931429284327,1202.8935081246218,1.3265268585022643,1166.0691204461307,True,2.000836120464598,1.0,2.4377736141814936,0.1912413611829029,100.0,dash
1.02,5000.0,378.6319179707287,787.7317423324025,409.09982436167377,1.2509717762493495,0.01792005433205276,0.17038234901363294,0.013608661633031767,3.4604806234170984,3.569448967611421,102.10455856552124,308.90466137184205,364.4570111601197,499.02434984228864,346.23416060211366,1035.1028462972777,132.51392300040226,870.4978908258139,2.6128134520707125,241.4507362720657,1.285351506238651,2.4530553280491953,536.3790189679037,70.769055954214,95000.0,0.7018098266649861,0.7500160011039557,2.3162498223460947e-12,1.3996236776143818,1005.3527653247414,1.3866652587496808,1029.437502030666,1.3233261010577808,1174.7724927446143,1.3371898467184322,1138.291998262457,True,1.8302082888487938,0.9500000000000001,2.300264804310959,0.19188157265227668,95.0,dash
1.02,5000.0,273.0761556474261,659.367422686377,386.29126703895093,1.1812263015055946,0.013986155171489496,0.1843813807104061,0.01124835046085544,3.091424407626022,3.1887714052139695,102.10455856552129,308.90466137184205,325.5880966957294,479.83869422534497,309.30869186094293,931.801238867971,117.7740685599222,780.2615783738662,2.626288584940665,204.67855965169153,1.2136892571637787,2.1801958604295235,508.6506007228337,70.76905595739674,90000.0,0.7029448415467365,0.7499150517097832,1.1451987726703622e-09,1.3996236776143818,1005.3527653247414,1.3885632690387504,1025.8011238224217,1.3333073816062684,1148.208863103103,1.3477181483750684,1112.5290803835824,True,1.9542882316351096,0.8999999999999999,2.1720180570166034,0.2652549492110725,90.0,dash
1.02,5000.0,177.96202236728874,545.194683614376,367.2326612470873,1.1229476699332526,0.010584627584733112,0.21411680311429881,0.008954465532747525,2.7633284872992365,2.8503439520553027,102.10455856552134,308.90466137184205,291.03311098451024,460.8750093954904,276.4814554352847,827.9666530359095,104.95762628645197,689.7549761577983,2.634219781997615,172.79315230064276,1.153808987844172,1.9429419832981742,479.0064015976121,70.76905595853216,85000.0,0.7029565633947366,0.7499770950632957,2.16992295365129e-09,1.3996236776143818,1005.3527653247414,1.39028053537212,1022.5589079672021,1.3444446262848995,1120.38279889474,1.3592011082353421,1086.15388372764,True,1.9817417126290906,0.8499999999999999,2.064856339105497,0.35896252486724967,85.0,dash
1.02,5000.0,95.40099023992965,446.38509960668557,350.9841093667559,1.0732618020917457,0.0077447143427683265,0.29225033790368893,0.006855250612003958,2.473005786537954,2.550879173234141,102.10455856552137,308.90466137184205,260.4563919370541,442.73210542869765,247.43357234020135,729.1046493598603,93.80236859647046,604.3335332893926,2.6378179575042373,145.2430200694278,1.1027576321850288,1.736439423562161,421.5122937534613,70.76905595443492,80000.0,0.7015402550114341,0.7500912022888702,9.90593873341708e-11,1.3996236776143818,1005.3527653247414,1.3918968640773295,1019.5148334547215,1.3562458183188237,1092.7985837045003,1.3704748006815777,1061.8542721375081,True,1.9574875216805931,0.7999999999999999,1.9734948429970685,0.39791017791227623,80.0,dash
1.02,5000.0,38.40031099021461,373.0252577173678,334.6249467271532,1.023237701550643,0.005847464278762469,0.5481953364624884,0.00542893509143184,2.2376522584788465,2.3081145115656305,102.10455856552143,308.90466137184205,235.6690133220828,427.3419508035116,223.88556265597865,657.288643610491,86.03850356739423,544.9222877253998,2.6021554696219042,122.45732818491537,1.0513587483736613,1.5927172391720508,369.984554668603,70.7690559544163,75000.0,0.699254430178151,0.7494907886913231,2.5985213195647258e-11,1.3996236776143818,1005.3527653247414,1.39309774127702,1017.2850651334504,1.3653441409436813,1072.7349061857763,1.378177437952986,1046.06208708429,True,2.0165647293839615,0.75,1.8815114105754427,0.4723928778410571,75.0,dash
1.02,5000.0,-13.372526766134404,304.65788841854345,318.0304151846779,0.972493874827893,0.004096467930666443,,0.004001716241988511,2.0039569139236524,2.0670602485498684,102.10455856552115,308.90466137184205,211.05627420652073,410.54829185990576,200.5034604961947,582.2839800650826,79.41542974441812,484.17877695851394,2.524741868695705,99.77460403399711,0.9992203585644607,1.4701130164507668,318.3936269870313,70.76905595425237,70000.0,0.6964978242586752,0.7492280648774193,4.154471883214623e-11,1.3996236776143818,1005.3527653247414,1.3944081259311518,1014.8519613333852,1.3749609908836824,1052.5837126313993,1.3854864579652495,1031.6871766297554,True,2.071521714151752,0.7,1.7882045583646353,0.5628648561161147,70.0,dash
1.02,5000.0,-49.8088148079918,255.81922657126876,305.62804137926054,0.9345690978782093,0.002805581061194786,,0.002851904705800985,1.82324023042683,1.880652911091374,102.10455856552151,308.90466137184205,192.0232353019477,396.72066749986413,182.42207353685032,520.3970116612135,74.77088418703462,434.5616794452797,2.4397474434103663,82.79314030959807,0.9602533170200089,1.3841346699027823,278.5211820123922,70.76905869385983,65000.0,0.6907468851965817,0.7485320784760062,7.254583658205389e-08,1.3996236776143818,1005.3527653247414,1.395323374801743,1013.1709356121305,1.38254969315353,1037.4102668334672,1.3907257497934347,1021.7035151726659,True,2.211800847836335,0.6499999992031684,1.7184691472460192,0.6822492220732679,65.0,dash
1.02,5000.0,-80.98277132279924,211.81414048139013,292.79691180418934,0.8953332439375293,0.0016706353266858062,,0.0017726400433560284,1.646734675549468,1.698589308026736,102.10455856552156,308.90466137184205,173.43371148018463,382.51102457079963,164.76202590617538,460.01885837965034,70.94451225447169,387.3251394282901,2.3224069159174503,66.43593189477217,0.919939166917904,1.3133021032143857,240.97630544946838,70.76905595444484,60000.0,0.6831820812924333,0.7481065068161051,7.1768677623306015e-12,1.3996236776143818,1005.3527653247414,1.3962440835361232,1011.4825036354264,1.3892012460778724,1024.5932977386535,1.394878075355187,1013.9840088777262,True,2.3591389507195912,0.6,1.64632295329143,0.8273874094911966,60.0,dash
