MN,alt_m,T_K,P_Pa,V_mps,q_Pa,Fn_T4mode_N,Nmech_pct_T4mode,conv_T4,Fn_Nmode_N,T4_Nmode_K,conv_N,Fn_N,binding,T4_K,Nmech_pct,NcPct,W_kgps,Wf_kgps,TSFC_kgpNh,OPR,comp_PR,comp_eff,NPR,Vj_mps,Fram_N,CDS_allow_m2
0.0,0,288.15,101325.0,0.0,0.0,500.00000055371396,99.99999999179154,True,500.000000652117,1150.0000001099875,True,500.00000055371396,T4,1150.0,99.99999999179154,99.99999999179154,0.86483686603561,0.015267608211427027,0.10992677949469129,3.9999999991939115,3.9999999991939115,0.7800000000204806,1.88178234481899,573.9947719851546,0.0002943131077724584,
0.3,0,288.15,101325.0,102.0876860595831,6383.474999999999,451.88884881016025,100.59410821037083,True,430.634428020695,1123.596760092794,True,430.634428020695,N,1123.596760092794,100.0,99.11158017622068,0.8997817741037246,0.015145196796157785,0.12661019454913477,3.862574563456321,3.862574563456321,0.7803136061854928,1.9288649516001095,566.9380673448522,91.86156857560906,0.06746081531151842
0.6,0,288.15,101325.0,204.1753721191662,25533.899999999998,459.69860610491463,101.64171703373218,True,400.2373885713179,1083.4829584401632,True,400.2373885713179,N,1083.4829584401632,100.0,96.58279440235023,1.0043504662940048,0.015516509067201598,0.13956575394520926,3.5293230396161697,3.5293230396161697,0.7826597185370832,2.1013081674555187,556.3953133694341,205.0746345141594,0.01567474567423378
0.8,0,288.15,101325.0,272.2338294922217,45393.600000000006,489.6894000377731,102.96858880527124,True,357.26449278080514,1005.5773263611575,True,357.26449278080514,N,1005.5773263611575,100.0,94.15809579756491,1.1069402270973288,0.014514845761928496,0.14625983279530042,3.1711820280509575,3.171182028050958,0.7787344267643738,2.220498450385099,535.0255699371008,301.362748189739,0.007870371435198026
0.9,0,288.15,101325.0,306.26305817874936,57451.275,514.8881253116722,103.67051911028678,True,339.2699425161867,971.4825783832574,True,339.2699425161867,N,971.4825783832574,100.0,92.77214268184183,1.1737131684847797,0.014138836616041973,0.15002747272287634,2.979162831277024,2.979162831277024,0.7735521179968498,2.302695041381186,525.3870729632176,359.48427435838744,0.005905350969429081
1.0,0,288.15,101325.0,340.29228686527705,70927.5,544.7705654384619,104.66211214050195,True,308.8526883517259,926.5425325197914,True,308.8526883517259,N,926.5425325197914,100.0,91.29517928081877,1.245199900411744,0.013325740467517364,0.15532539527081965,2.774837155012735,2.774837155012735,0.7651705204845481,2.3729903959092975,512.4045493275758,423.75466042291293,0.004354484344601542
0.0,1000,281.65,89874.52152060672,0.0,0.0,463.20923386005717,100.72792571285375,True,452.3375353589515,1133.1298880793106,True,452.3375353589515,N,1133.1298880793106,100.0,101.14729939142899,0.7827630003381488,0.013583571280215484,0.10810700639687015,4.057526736905267,4.057526736905267,0.7762992293823288,1.9015532326713462,569.4466916967937,0.0002633752490285049,
0.3,1000,281.65,89874.52152060672,100.92968688646566,5662.094855798223,414.7136852804364,100.03670784982454,True,414.13528305352787,1149.0334707958698,True,414.13528305352787,N,1149.0334707958698,100.0,100.2485905602494,0.8204693975582793,0.014487820978578678,0.12593989908990522,4.015964963747006,4.015964963747006,0.7792759725388461,2.006664476657081,573.7032744154839,82.8186814433599,0.07314170701846083
0.6,1000,281.65,89874.52152060672,201.85937377293132,22648.37942319289,424.66109399566255,101.08541683439043,True,386.0221695755391,1100.0384251762698,True,386.0221695755391,N,1100.0384251762698,100.0,97.6897095892955,0.9178635501810792,0.014709597203287603,0.13718007498920348,3.6719278544901126,3.6719278544901126,0.7815684415146018,2.189891136649212,560.7299499255744,185.29941323135975,0.017044140879247025
0.8,1000,281.65,89874.52152060672,269.1458316972418,40263.785641231814,453.7896139921296,102.43090347542469,True,360.4491590358233,1038.9270119513071,True,360.4491590358233,N,1038.9270119513071,100.0,95.23589374247908,1.015095903766987,0.014330695539086263,0.1431283799096884,3.3311608036270934,3.3311608036270934,0.7822600790701653,2.33579082124693,544.2899757445151,273.2383991853998,0.00895219248005106
0.9,1000,281.65,89874.52152060672,302.789060659397,50958.85370218401,474.27695269131505,102.98265886927024,True,342.8508881762681,999.750517704582,True,342.8508881762681,N,999.750517704582,100.0,93.83399868533265,1.076279707946199,0.0139024502632457,0.14597839147762892,3.128054024005958,3.128054024005958,0.7777025607552732,2.423397247602812,533.4004659689684,325.92099062421346,0.00672799451455428
1.0,1000,281.65,89874.52152060672,336.43228962155223,62912.1650644247,504.61187010632204,103.92776000715143,True,324.6698991747195,962.1322509613686,True,324.6698991747195,N,962.1322509613686,100.0,92.33814596261085,1.1469430025588798,0.013477883050019217,0.14944526524169094,2.9219794246137343,2.9219794246137343,0.7720104289079239,2.5263001635516282,522.787036738358,385.9104208936178,0.005160685518329307
0.0,2000,275.15,79495.12784921733,0.0,0.0,421.7456688146667,100.27010417044634,True,418.0518777737152,1143.3760957776776,True,418.0518777737152,N,1143.3760957776776,100.0,102.3350795552706,0.7061919051832842,0.01255768416718442,0.10813888325493357,4.154528233287161,4.154528233287161,0.7732955298255068,1.948229703453838,572.2330045775324,0.00023486630503073935,
0.3,2000,275.15,79495.12784921733,99.75824650122915,5008.193054500692,378.4721840649857,99.86760249508144,True,380.1466250116196,1152.8663972045906,True,378.4721840649857,T4,1150.0,99.86760249508144,101.29143469139356,0.7374616105977336,0.01316231699213403,0.1251990063727884,4.094138016555919,4.094138016555919,0.7763845361661068,2.0447290520091097,574.0519243960347,73.57980839704791,0.07557060599428485
0.6,2000,275.15,79495.12784921733,199.5164930024583,20032.772218002767,387.2991178645168,100.4346762595882,True,372.021471048005,1127.126381356463,True,372.021471048005,N,1127.126381356463,100.0,98.83652684930571,0.8331805152563001,0.01407739349138323,0.13622497823583862,3.835705751224095,3.835705751224095,0.7810714553029757,2.276842389310674,567.97741348722,166.26021420429618,0.018570643493549137
0.8,2000,275.15,79495.12784921733,266.0219906699444,35613.81727644937,418.4868065946741,101.68622319762696,True,354.3680938189305,1062.0050529133393,True,354.3680938189305,N,1062.0050529133393,100.0,96.35165905730614,0.9287198906491916,0.013803425050509483,0.14022800379592973,3.4781492701084114,3.4781492701084114,0.7815707571588596,2.4528923846210313,550.5240438453025,247.09998234116384,0.00995029797194097
0.9,2000,275.15,79495.12784921733,299.27473950368744,45073.737490506224,439.3871900923007,102.61106375136389,True,341.94714685887305,1027.6119566224688,True,341.94714685887305,N,1027.6119566224688,100.0,94.93326399616949,0.9840605517656527,0.013566152646614503,0.1428236796123642,3.285260337723624,3.285260337723624,0.7818108728640233,2.545990712383322,541.166440909495,294.55222811390297,0.007586394337298889
1.0,2000,275.15,79495.12784921733,332.5274883374305,55646.58949445213,461.64291414523694,103.210133940492,True,328.55804142375104,994.569218052255,True,328.55804142375104,N,994.569218052255,100.0,93.41980911939056,1.0468168624068896,0.01332073876161262,0.1459549111917936,3.075976071709776,3.075976071709776,0.7765561402055813,2.6532839679942706,531.9809328743181,348.15183622583066,0.005904369780946013
0.0,3000,268.65,70108.42732351946,0.0,0.0,384.9954447510631,100.1973122048568,True,382.911131553176,1146.2907490664702,True,382.911131553176,N,1146.2907490664702,100.0,103.56572518813985,0.6357726499104708,0.011454966452171665,0.10769569232921646,4.246105571001928,4.246105571001928,0.7699579123034301,1.9950467809575783,573.0628194158363,0.00020894264456280623,
0.3,3000,268.65,70108.42732351946,98.57288569885738,4416.830921381725,351.57212818475114,100.6086181401914,True,344.19952920126275,1136.0897313150574,True,344.19952920126275,N,1136.0897313150574,100.0,102.64470555227085,0.6664314935983447,0.011742831220681225,0.12281885650038543,4.166579425792522,4.166579425792522,0.7723013364841218,2.079877392780232,570.2135436202313,65.70554366186761,0.07792907071334898
0.6,3000,268.65,70108.42732351946,197.14577139771475,17667.3236855269,361.40656643246194,100.65270710043735,True,355.47676186166194,1141.8051015475246,True,355.47676186166194,N,1141.8051015475246,100.0,100.02421185216474,0.7594244922609796,0.01324049755788695,0.13408975363964018,3.990790043060356,3.990790043060356,0.7795124706933743,2.377673858375941,571.7726222616035,149.74802245531026,0.0201205778639166
0.8,3000,268.65,70108.42732351946,262.8610285302863,31408.57544093672,388.1321407019294,101.12374783223378,True,355.0553253898236,1104.551581664291,True,355.0553253898236,N,1104.551581664291,100.0,97.50807364219058,0.8484583863397902,0.013681898812513646,0.1387243970847865,3.657313927807173,3.657313927807173,0.7822453050468464,2.597016070316993,562.0372566139821,223.07236911596158,0.011304407169229914
0.9,3000,268.65,70108.42732351946,295.71865709657214,39751.47829243553,405.44519356872587,101.90498343958309,True,340.5014536121558,1059.755147169089,True,340.5014536121558,N,1059.755147169089,100.0,96.0717566705167,0.8990368553541916,0.013278246376105632,0.14038614714194644,3.445219686293353,3.445219686293353,0.7819966947253149,2.6882264318774705,549.973214807481,265.9164786802764,0.008565755746420912
1.0,3000,268.65,70108.42732351946,328.5762856628579,49075.89912646361,427.7223719505049,102.71777648152258,True,324.65580818953543,1013.7717370605297,True,324.65580818953543,N,1013.7717370605297,100.0,94.54012003145704,0.9586685065357734,0.01282112257145347,0.14216915360944035,3.223998870213516,3.223998870213516,0.7800475777201235,2.7911988004176465,537.2758332104486,315.06031761962,0.00661538176514974
0.0,4000,262.15,61640.096068755236,0.0,0.0,354.4684809269225,102.04850221603753,True,342.94091076188676,1125.7505056820273,True,342.94091076188676,N,1125.7505056820273,100.0,104.8417677516755,0.5714032414926656,0.010068306480573679,0.10569139567647795,4.3090461532889845,4.3090461532889845,0.7660616238116192,2.018279176383756,567.5246343872419,0.0001855082006754412,
0.3,4000,262.15,61640.096068755236,97.37309610462225,3883.3260523315794,322.5898745320249,100.82589186083791,True,313.67516041450625,1131.6338383787731,True,313.67516041450625,N,1131.6338383787731,100.0,103.90896438355568,0.5987094836921018,0.010576767440187911,0.12138788071552935,4.250349816305081,4.250349816305081,0.7687222288569936,2.118515577894014,569.1084639522813,58.31198231755382,0.08077487086776379
0.6,4000,262.15,61640.096068755236,194.7461922092445,15533.304209326318,334.33589762980444,100.53771131661284,True,327.8257697664164,1137.4136668298493,True,327.8257697664164,N,1137.4136668298493,100.0,101.25507989644906,0.68640237938739,0.012000363051210557,0.13178130324935147,4.070904946999022,4.070904946999022,0.7762356384688172,2.436054298438012,570.6137302365651,133.70586068801362,0.02110470285965218
0.8,4000,262.15,61640.096068755236,259.661589612326,27614.763038802346,360.92002541423227,100.75480635431019,True,339.55734714222257,1116.7916517941662,True,339.55734714222257,N,1116.7916517941662,100.0,98.70790149844453,0.7738365704966462,0.012845508429266525,0.1361885729830795,3.8077540519652495,3.8077540519652495,0.7806784321777412,2.717344141328627,565.1430380479067,200.98315079163532,0.012296225271428192
0.9,4000,262.15,61640.096068755236,292.1192883138668,34949.93447098422,376.90069467433125,101.15623621559095,True,338.89087472860245,1090.9119792546437,True,338.89087472860245,N,1090.9119792546437,100.0,97.2521177200726,0.8249216790169039,0.012977499737603749,0.13785853426352546,3.6120080985810823,3.6120080985810823,0.7818110516597517,2.852139501431978,558.3280737785104,241.0325191287851,0.009696466670343918
1.0,4000,262.15,61640.096068755236,324.5769870154075,43148.06724812866,397.6461796489662,102.14613885235404,True,328.6099516176076,1051.9918259897313,True,328.6099516176076,N,1051.9918259897313,100.0,95.7012849593838,0.8781190878899232,0.01274647509361673,0.1396406600512001,3.396150011878921,3.396150011878921,0.7822163230544448,2.9666403757823754,547.8414805194427,285.084648010892,0.0076158672352087675
0.0,5000,255.64999999999998,54019.75768437438,0.0,0.0,321.5924093402007,103.08746142949478,True,305.55595040839205,1109.8798360474677,True,305.55595040839205,N,1109.8798360474677,100.0,106.16627763418248,0.5098323003463403,0.008853535588276529,0.1043106122412441,4.362424835100787,4.3624248351007875,0.7621038693693833,2.036788648140716,563.3715680788056,0.00016345904470263913,
0.3,5000,255.64999999999998,54019.75768437438,96.1583376260218,3403.2447341155857,293.8204518533729,101.82447457574604,True,283.99825912997835,1125.4291182197521,True,283.99825912997835,N,1125.4291182197521,100.0,105.22163203193506,0.5357841459174366,0.009465481812296192,0.11998571674986208,4.332412113796253,4.332412113796253,0.7650298294212093,2.1548273890597534,567.5458566904175,51.53386590001619,0.08344926131319852
0.6,5000,255.64999999999998,54019.75768437438,192.3166752520436,13612.978936462343,306.68570947035124,100.06986871126624,True,305.847622728458,1148.0557300523546,True,305.847622728458,N,1148.0557300523546,100.0,102.53265053082461,0.6180935157769376,0.011083356976601646,0.13045739881565296,4.174780316417883,4.174780316417883,0.7728294609821938,2.51413441205982,573.47754293479,118.9014217700525,0.022467354438435633
0.8,5000,255.64999999999998,54019.75768437438,256.42223366939146,24200.851442599724,331.3175025909828,100.05358642115252,True,329.9229580026878,1147.3725381272309,True,329.9229580026878,N,1147.3725381272309,100.0,99.95325848741575,0.7035132488217657,0.012363194234820046,0.13490270490677175,3.991040343613934,3.991040343613934,0.7799610889287365,2.8604735925133933,573.2579475327403,180.44459483628137,0.013632700435569738
0.9,5000,255.64999999999998,54019.75768437438,288.4750128780654,30629.20260704027,349.98718882439266,100.94861066629521,True,329.6567014430149,1121.5968407195573,True,329.6567014430149,N,1121.5968407195573,100.0,98.47906629274297,0.748642164569425,0.012507860101168155,0.13659147946787167,3.787951167665633,3.787951167665633,0.7814357044714333,3.007216262821286,566.5710980315982,216.02220899961327,0.010762823494701156
1.0,5000,255.64999999999998,54019.75768437438,320.52779208673934,37813.83037906206,366.77784051516574,101.3491585671036,True,324.5419252346487,1081.8817115445056,True,324.5419252346487,N,1081.8817115445056,100.0,96.90643701730937,0.8020049015750084,0.012390493338879887,0.1374422616991976,3.562818764169298,3.562818764169298,0.7818712945779477,3.1511833962868243,555.8880714342565,257.1334828515755,0.008582624980894588
0.0,6000,249.14999999999998,47180.863673477994,0.0,0.0,290.4373596747223,103.81415128747354,True,271.1941131086212,1094.3916055606333,True,271.1941131086212,N,1094.3916055606333,100.0,107.54216957555842,0.4533038100369048,0.007760809273868489,0.10302182887100035,4.416352328161583,4.416352328161583,0.7580236258815456,2.0551982523244297,559.2657406468311,0.00014348028343952473,
0.3,6000,249.14999999999998,47180.863673477994,94.92803561119338,2972.3944114291135,268.3250192946326,104.13763337220797,True,252.5551737136443,1111.1000008806443,True,252.5551737136443,N,1111.1000008806443,100.0,106.58522308870538,0.4760674451527021,0.00830973559952074,0.11844955639928442,4.3877484933753585,4.3877484933753585,0.7610115310062721,2.1765879371859933,563.8074449904326,45.20563722679438,0.08496691177407273
0.6,6000,249.14999999999998,47180.863673477994,189.85607122238676,11889.577645716454,279.47903054270864,100.36663896417399,True,276.6405249140799,1143.9995436694398,True,276.6405249140799,N,1143.9995436694398,100.0,103.86072999530481,0.5510199685558336,0.00991515030889622,0.12902860592656915,4.264141217095822,4.264141217095822,0.7691102782369856,2.56789618570557,572.4738621160253,104.64571378227657,0.023267481247641057
0.8,6000,249.14999999999998,47180.863673477994,253.1414282965157,21137.026925718146,301.50371775793565,99.81269416837439,True,303.36157745462197,1153.9556873409244,True,301.50371775793565,T4,1150.0,99.81269416837439,101.05723803302058,0.6280279836680659,0.011194119314567163,0.1336594786069181,4.079483902400671,4.079483902400671,0.777065402264404,2.9289363940652553,574.0452499416662,159.02735624006553,0.0142642443905432
0.9,6000,249.14999999999998,47180.863673477994,284.78410683358015,26751.549702862027,319.8735962148089,100.36592264010176,True,312.2960255399289,1135.897474387785,True,312.2960255399289,N,1135.897474387785,100.0,99.75356784812968,0.6777467677268818,0.011684807825839966,0.1346969058903979,3.95262743339033,3.95262743339033,0.7797559745353775,3.1399920358414697,570.1855091297692,193.0691217732807,0.011673941472875411
1.0,6000,249.14999999999998,47180.863673477994,316.4267853706446,33026.6045714346,335.9043056465977,100.82300800372528,True,314.03935857410715,1112.0009830743768,True,314.03935857410715,N,1112.0009830743768,100.0,98.16031592083473,0.724745736663485,0.011893237360490434,0.1363384987302733,3.7397315091192436,3.739731509119244,0.7814428025872879,3.3098388310971383,563.9963193892797,229.3974182780377,0.009508678310991933
0.0,8000,236.14999999999998,35599.64218895414,0.0,0.0,238.02892140068286,106.9222230109163,True,215.6494063644009,1084.8908071305939,True,215.6494063644009,N,1084.8908071305939,100.0,110.46259337138335,0.35491091677979264,0.006100007902983411,0.10183208439870914,4.567843829825921,4.567843829825921,0.7500288573985653,2.119901452999026,556.793971918168,0.00010937331202707888,
0.3,8000,236.14999999999998,35599.64218895414,92.41831011763847,2242.7774579041106,219.34876024321989,105.98247650598891,True,197.8741570660928,1080.0098370644248,True,197.8741570660928,N,1080.0098370644248,100.0,109.4793734945784,0.3731088325824361,0.006326198179040436,0.11509493652212908,4.503717963804148,4.503717963804148,0.7525240081605461,2.228368753711081,555.401827068176,34.494415502652174,0.0882272810299277
0.6,8000,236.14999999999998,35599.64218895414,184.83662023527694,8971.109831616443,227.89691349639264,103.83285920422803,True,212.751035060547,1102.5410645763145,True,212.751035060547,N,1102.5410645763145,100.0,106.68059798888285,0.4293317641705915,0.007398399652367999,0.12518970288742212,4.380286327943978,4.380286327943978,0.7605373589368419,2.594745292526601,561.4073735112424,79.3846029282353,0.02371512990630869
0.8,8000,236.14999999999998,35599.64218895414,246.4488269803693,15948.639700651456,249.60417475674794,101.0122271773775,True,241.89094734303052,1130.3024876693337,True,241.89094734303052,N,1130.3024876693337,100.0,103.99355513450207,0.49523720019443696,0.008733799328451166,0.12998286239768075,4.254521016517363,4.254521016517363,0.7684628209531137,3.0351403856683508,568.6984401523569,122.09426143494063,0.015166870145868927
0.9,8000,236.14999999999998,35599.64218895414,277.25493035291544,20184.997121136996,261.9249828892765,99.97288883657724,True,262.2047112785946,1150.7784763654397,True,261.9249828892765,T4,1150.0,99.97288883657724,102.43075439387961,0.5363938734393846,0.009641604098822268,0.13251800011164047,4.1710536334896435,4.1710536334896435,0.7731584788525249,3.3135463252541166,574.0020708532992,148.77101420058546,0.01297622096834476
1.0,8000,236.14999999999998,35599.64218895414,308.0610337254616,24919.749532267895,278.6476550222083,100.69054033198623,True,272.0282072298025,1134.5197050884774,True,272.0282072298025,N,1134.5197050884774,100.0,100.82201176780808,0.5814782204711675,0.010086838906781612,0.13348843709044658,4.036649778459513,4.036649778459513,0.7771714110352426,3.5687790946934324,569.8126912170102,179.19482280677093,0.010916169397190797
0.0,10000,223.14999999999998,26436.106165739708,0.0,0.0,-46880.80852556875,5.0,False,163.5390111498929,1034.4453614138854,True,163.5390111498929,N,1034.4453614138854,100.0,113.63463768469506,0.2744612235989527,0.004449189881885497,0.09794044573303257,4.6681534953845265,4.6681534953845265,0.7404493133004575,2.1481109166147987,543.1154192013499,8.222246619336631e-05,
0.3,10000,223.14999999999998,26436.106165739708,89.83850034923779,1665.4746884416013,74681.73305058615,5.0,False,152.54756148480905,1041.4460970127334,True,152.54756148480905,N,1041.4460970127334,100.0,112.62268403092604,0.28917609027596214,0.0047098982394988475,0.11114981828189001,4.621104069303556,4.621104069303556,0.7432290156274716,2.275893672635307,544.9693151240887,25.989213698239748,0.09159404375430592
0.6,10000,223.14999999999998,26436.106165739708,179.67700069847558,6661.898753766405,115444538.10386854,5.0,False,170.56669481444885,1083.12866004852,True,170.56669481444885,N,1083.12866004852,100.0,109.74196552929973,0.33651792705339906,0.005742392046254564,0.1211995781585555,4.523702125207458,4.523702125207458,0.7519368176926434,2.707635024175645,556.2626988014979,60.48796296494119,0.02560331537881995
0.8,10000,223.14999999999998,26436.106165739708,239.5693342646341,11843.375562251389,297530472.8212021,5.0,False,190.16755618694168,1101.0341030571763,True,190.16755618694168,N,1101.0341030571763,100.0,106.97775504907716,0.385698397100265,0.006645601911755236,0.12580572348688063,4.394695122857113,4.394695122857113,0.7597033423797953,3.133247440397449,561.043345422135,92.43731555391386,0.01605687121778577
0.9,10000,223.14999999999998,26436.106165739708,269.51550104771337,14989.272195974412,367242080.4140176,5.0,False,208.04275230330012,1124.9842641786136,True,208.04275230330012,N,1124.9842641786136,100.0,105.39805330773466,0.419644322639569,0.007417130714746877,0.12834703635414071,4.3416200532395965,4.3416200532395965,0.7645427670772164,3.456911758526375,567.4224668703777,113.14447852094168,0.013879443216674192
1.0,10000,223.14999999999998,26436.106165739708,299.46166783079263,18505.274316017792,463171264.26375115,5.0,False,226.0988757681454,1139.2661888862267,True,226.0988757681454,N,1139.2661888862267,100.0,103.71272114309087,0.4587342216766614,0.00818756701245661,0.13036438716102838,4.246934940371804,4.246934940371804,0.7694156237605001,3.798064528295014,571.1862308402413,137.4265498745428,0.012218077500879778
0.0,11000,216.64999999999998,22631.909794276613,0.0,0.0,93294667.51700695,5.0,False,142.12727730838571,1013.5771971691838,True,142.12727730838571,N,1013.5771971691838,100.0,115.31968220001816,0.24002434008004253,0.0037995545105998225,0.09624047233338523,4.730787472373029,4.730787472373029,0.7356991571117275,2.167022705454338,537.2679801235712,7.085631356258937e-05,
0.3,11000,216.64999999999998,22631.909794276613,88.52040552889484,1425.8103170394265,105679248.93974306,5.0,False,131.36149022770084,1014.7775517921315,True,131.36149022770084,N,1014.7775517921315,100.0,114.29269247778822,0.2521979974423582,0.0039764576378397915,0.10897598326362444,4.671936253556542,4.671936253556542,0.7381352800033018,2.282870147666719,537.5819409723646,22.335010333544105,0.09213111215274537
0.6,11000,216.64999999999998,22631.909794276613,177.04081105778968,5703.241268157706,153666900.25947046,5.0,False,147.91228905793292,1064.111403001623,True,147.91228905793292,N,1064.111403001623,100.0,111.36890365490014,0.2930569551319781,0.004906530716393261,0.1194188175362673,4.586470538879457,4.586470538879457,0.747131894926189,2.726293514813369,551.1575376135333,51.90707450153889,0.025934776752959007
0.8,11000,216.64999999999998,22631.909794276613,236.0544147437196,10139.095587835924,219193379.71682325,5.0,False,166.77996642957544,1084.77037438321,True,166.77996642957544,N,1084.77037438321,100.0,108.56295845460384,0.33778895572939605,0.0057370686464834186,0.12383649944472164,4.459138630451336,4.459138630451336,0.7550585168833329,3.176621473157449,556.7033168518525,79.77351016037827,0.01644919558995624
0.9,11000,216.64999999999998,22631.909794276613,265.56121658668457,12832.29285335484,268657125.83632857,5.0,False,180.75722802999908,1103.6718217336495,True,180.75722802999908,N,1103.6718217336495,100.0,106.95983447131499,0.36631532877286843,0.006337430033776801,0.12621762610971832,4.397671142716165,4.397671142716165,0.7598198753716116,3.4864173035951995,561.7931944722407,97.32420641461599,0.014086120858965778
1.0,11000,216.64999999999998,22631.909794276613,295.0680184296495,15842.336855993628,336237785.3041369,5.0,False,198.27292497627207,1125.9905042760777,True,198.27292497627207,N,1125.9905042760777,100.0,105.24951457659965,0.40076008203927493,0.007087550831890234,0.12868717759886736,4.334783448740263,4.334783448740263,0.7649678761662053,3.847818503215987,567.7028375801207,118.3062602187527,0.012515383732751491
