level,nozzle,T4,OPR,W,spec_thrust,TSFC,T5,T3,P3_kPa,NPR,comb_OD_mm,comp_power_kW,duct_dPqP
tool (TurboFlow-level),CV,1150.0,3.0,1.115266695660017,448.3232596237055,0.15206093834463533,1031.0817461495715,451.79672119633307,305.42504247207563,3.2944073517399772,207.88014561115278,161.2594575247404,0.03334055044732352
tool (TurboFlow-level),CV,1150.0,3.5,1.098110483037704,455.3275906713851,0.1450653705171524,1011.0024862353642,475.1292577264177,356.230859647503,3.518832424072318,182.57371101607745,184.975141234865,0.03360737478675513
tool (TurboFlow-level),CV,1150.0,4.0,1.0880333605954178,459.5447304693772,0.13946021492630958,992.3449728720553,496.60711552907725,407.05384474153425,3.70898218534299,163.185098573578,207.2966797289656,0.0337667411502649
tool (TurboFlow-level),CV,1150.0,4.5,1.0851100318481322,460.7827647498142,0.13524074745334783,975.3849687961873,515.9220256137196,457.91341535273426,3.8579810951151323,148.0411682824921,228.32590113746616,0.03381349818833659
tool (TurboFlow-level),CV,1150.0,5.0,1.0863321482721287,460.2643784501691,0.1318151614343217,959.5980186182343,533.765184712594,508.8029871096078,3.9789947121841722,135.78594305148516,248.6530835505563,0.033793932280266045
tool (TurboFlow-level),CV,1150.0,6.0,1.0930939486590523,457.417224850544,0.12624422970659482,931.236195758591,565.3879140862377,610.6309853839921,4.2000745435506,117.04249709758061,286.1437520756571,0.03368727162399357
tool (TurboFlow-level),CV,1250.0,3.0,1.0007499826843729,499.62529125631954,0.15864487293820353,1133.8847146784094,451.8227419951481,304.820029925031,3.427247456736771,200.20773358677087,144.7277975468719,0.03525539374558408
tool (TurboFlow-level),CV,1250.0,3.5,0.9796924962886454,510.36422387906657,0.15112313564434565,1114.3049555293517,475.15497697951884,355.4794309293054,3.7011283714989767,175.50129006899354,165.053562666287,0.035645870756358077
tool (TurboFlow-level),CV,1250.0,4.0,0.9694833160345667,515.7386334175179,0.14571180569013234,1096.1104641120987,496.64014014067754,406.180413611638,3.9201167569339312,156.80821029822,184.7429601355176,0.035840025109918974
tool (TurboFlow-level),CV,1250.0,4.5,0.9636518602967885,518.8595810111877,0.1413947400652826,1079.5741053342279,515.9662303174877,456.8997202271415,4.117589648129735,142.10211531980667,202.81310945119947,0.03595237098495038
tool (TurboFlow-level),CV,1250.0,5.0,0.9607871464945127,520.4066294004123,0.13779420032208042,1064.221038279843,533.7724398411922,507.63704002780594,4.287449270809843,130.17086205831473,219.924014445541,0.03600804102887361
tool (TurboFlow-level),CV,1250.0,6.0,0.960422975836744,520.6039558736828,0.13206677294199726,1036.5598155060693,565.4461977986648,609.15997043436,4.565621384699997,111.96024936984544,251.47229026013815,0.036015126750059356
tool (TurboFlow-level),CD,1150.0,3.0,1.1043365101705427,452.76054538139414,0.15057020437188945,1031.0797908973857,451.79900786464435,305.37187488758116,3.2938626735856635,207.169752028462,159.68161403733347,0.033508823970494664
tool (TurboFlow-level),CD,1150.0,3.5,1.0810571772770754,462.51022706505796,0.14281187867450293,1010.9995330634869,475.13268032604645,356.1308629779501,3.517811900445764,181.58573839775974,182.1063192590926,0.03387864843243947
tool (TurboFlow-level),CD,1150.0,4.0,1.0685807740330298,467.91034180123563,0.13696587095063098,992.3405787239343,496.6121323227322,406.92116115978627,3.707796124963275,162.16974983774656,203.59600545649792,0.03408169528039863
tool (TurboFlow-level),CD,1150.0,4.5,1.0623166957355112,470.66943646833903,0.1323984355451346,975.3781818719877,515.9297045729043,457.73732270103204,3.8563914669463935,146.95968981029023,223.53823570641262,0.03418504952847775
tool (TurboFlow-level),CD,1150.0,5.0,1.0609770390301565,471.2637334638201,0.12873831338646669,959.5968184966509,533.7665392434578,508.5853050535205,3.9771435995056827,134.68610864817822,242.85098181733943,0.034207305882133485
tool (TurboFlow-level),CD,1150.0,6.0,1.0626125855509263,470.53837620568805,0.12272142869061614,931.225071462622,565.4002546833162,610.319522679154,4.197593933545278,115.91063461336019,278.17819286420564,0.03418015584261855
tool (TurboFlow-level),CD,1250.0,3.0,0.9872988422721931,506.4322767583005,0.15651190988226696,1133.8819031932635,451.82610972497565,304.7417264565638,3.426321841884667,199.27098207121895,142.7859020823002,0.035503221451903356
tool (TurboFlow-level),CD,1250.0,3.5,0.9626287060840713,519.4110640701299,0.14849022336931753,1114.3014927650386,475.15909368671305,355.35915480791294,3.699906283938426,174.438676748544,162.18279461982883,0.035972159042605666
tool (TurboFlow-level),CD,1250.0,4.0,0.9477140676255613,527.5852892913332,0.14243873915642627,1096.1047205318655,496.64690924643065,406.0013850812525,3.9182863878145686,155.58479026911849,180.60125072630584,0.03626498933167045
tool (TurboFlow-level),CD,1250.0,4.5,0.9384270665500328,532.8064570496725,0.13769175850972576,1079.5652287944731,515.9765374075831,456.66335970258496,4.11513291004473,140.81051496312756,197.51423739135018,0.036451086114778514
tool (TurboFlow-level),CD,1250.0,5.0,0.9332081347229917,535.7861573807953,0.13383856052069623,1064.219485827152,533.7742388399253,507.3479290505942,4.284993763496436,128.87648175149897,213.6129216054764,0.03655705663511695
tool (TurboFlow-level),CD,1250.0,6.0,0.9277805659039725,538.9204165882481,0.12757534659781763,1036.5454610092327,565.4625470729686,608.747333248659,4.562363849756334,110.64303370591995,242.94118410439307,0.03666811779422801
fielded (vendor-TSFC level),CV,1150.0,3.0,1.3049982684685617,383.1422712227493,0.1736273851935251,1015.4784472104799,469.9400406584428,306.2362530176155,2.667656244055819,214.84937809919188,212.90128982743985,0.03077309778177161
fielded (vendor-TSFC level),CV,1150.0,3.5,1.308635337191566,382.0774101935656,0.16784327148155873,992.7365982177151,496.1600562227191,357.29163798967153,2.7342969212952664,189.22979314445908,248.72492415047705,0.03072966686478558
fielded (vendor-TSFC level),CV,1150.0,4.0,1.3257542814467451,377.14376866811665,0.1641596057025566,971.5062088793526,520.3096502754357,408.4182342633832,2.7642407514562106,169.8889001574295,284.98450808844746,0.030528057740024882
fielded (vendor-TSFC level),CV,1150.0,4.5,1.350460000429186,370.2442133591423,0.16181845476512374,952.2883431684326,541.9671525092393,459.6049579603212,2.770045697234809,154.81335859616775,320.5785883337812,0.030244383198708612
fielded (vendor-TSFC level),CV,1150.0,5.0,1.3837208457242,361.3445601778299,0.16065920807508052,934.2234247951582,562.0731547410169,510.86671859178864,2.7540094088078697,142.74768625527375,357.4394583204154,0.029874950020443575
fielded (vendor-TSFC level),CV,1150.0,6.0,1.469657896191485,340.21522844779673,0.16092144868791677,901.8788153860318,597.600530867519,609.2539563998165,2.6773720143263446,125.31564613269141,434.2766299585573,0.03586639562294703
fielded (vendor-TSFC level),CV,1250.0,3.0,1.1331293328190735,441.25589732004113,0.1758663316626471,1118.6612563508595,469.9752650641872,305.51055105496994,2.8364554305674137,204.54051759019916,184.90289062316762,0.033069918808857866
fielded (vendor-TSFC level),CV,1250.0,3.5,1.1276557160592129,443.3977440200749,0.16957758923283947,1096.4890256231852,496.1943426563412,356.3986762237281,2.938793877792489,179.6918297301569,214.36691884425136,0.03315211748026529
fielded (vendor-TSFC level),CV,1250.0,4.0,1.1308050437533592,442.1628667487961,0.16499841793374903,1075.792850286539,520.3556650847413,407.3327343430881,3.013237421626698,160.7685572740705,243.13204219218724,0.03310473436160028
fielded (vendor-TSFC level),CV,1250.0,4.5,1.1399392664368218,438.61983029724945,0.16173679524818613,1057.0619212245324,542.03069227957,458.31387180965936,3.0580983882565542,145.9849561432967,270.67917613830235,0.032968544513096054
fielded (vendor-TSFC level),CV,1250.0,5.0,1.1526948363988196,433.76595871521886,0.15923145563754457,1039.52116373586,562.0730062876124,509.3363180116813,3.07823327375773,134.01622683313164,297.76119354708084,0.0327811482228922
fielded (vendor-TSFC level),CV,1250.0,6.0,1.1844268095626669,422.14510843729363,0.15575126925445207,1008.1303046532937,597.5013180218056,611.4892436440357,3.089948345310533,115.83568843727161,349.86880754668937,0.03232909311559527
fielded (vendor-TSFC level),CD,1150.0,3.0,1.3034885417702315,383.58603432995517,0.173426453480127,1015.4782084436595,469.9403175570656,306.230548283375,2.6676047041978768,214.7626629687306,212.65535756282387,0.03079115306373594
fielded (vendor-TSFC level),CD,1150.0,3.5,1.3079137921418817,382.2881932537458,0.16775069820725336,992.7364915489644,496.1601780051762,357.2884662664378,2.734272278943858,189.19347205174887,248.58794799469317,0.030738271200595715
fielded (vendor-TSFC level),CD,1150.0,4.0,1.3233119817935945,377.8398400147371,0.16385706006423834,971.5057580880257,520.3101595649534,408.4062200066379,2.764158420627873,169.78005654967373,284.4602084912587,0.03055657626305972
fielded (vendor-TSFC level),CD,1150.0,4.5,1.349289901180009,370.56528778185253,0.16167817050388544,952.2880657722912,541.967463310255,459.5986426890319,2.770001599899511,154.76678331842902,320.3012588448169,0.03025770827211845
fielded (vendor-TSFC level),CD,1150.0,5.0,1.3816299301637684,361.8914084751232,0.1604165904992101,934.2239597192813,562.0725609726716,510.854690914594,2.753953558138188,142.67305330128133,356.8984825558767,0.029897790324017466
fielded (vendor-TSFC level),CD,1250.0,3.0,1.1266035922171294,443.8118287358739,0.1748581663467074,1118.6802342027534,469.95268400656414,307.01859035159094,2.8493847614253482,203.493958795347,183.81201655134916,0.028297027808904043
fielded (vendor-TSFC level),CD,1250.0,3.5,1.1222655575766907,445.52735059625303,0.16876677476146343,1096.4880458193866,496.1954974525729,356.36860051236,2.9385618146708814,179.39346674342443,213.34358482532966,0.03323370767627507
fielded (vendor-TSFC level),CD,1250.0,4.0,1.1231442107762062,445.178807571488,0.1638801765940138,1075.7910709606344,520.3577300217613,407.2840220045712,3.0128538435806314,160.3906349047376,241.48730376266266,0.033220363982104435
fielded (vendor-TSFC level),CD,1250.0,4.5,1.1318454424240787,441.75637008619464,0.16058784608287782,1057.0594765743083,542.0335058039497,458.2567028533344,3.0576407671654215,145.6257813830156,268.7605906233152,0.03308916966202553
fielded (vendor-TSFC level),CD,1250.0,5.0,1.144240101733487,436.9712263844701,0.15806336532784854,1039.520763857376,562.0734609564506,509.2711144695451,3.0778206541933377,133.6765374919918,295.57773051554534,0.03290496836477023
fielded (vendor-TSFC level),CD,1250.0,6.0,1.1757364530944805,425.2653393456771,0.15460774359159205,1008.1272454544292,597.5047370922321,611.4122112345799,3.089476977202759,115.54248555867171,347.30597909392964,0.03245099554035742
