MN,alt_m,Fn_N,Fg_N,Fram_N,W_kgps,Wf_kgps,TSFC_kgpNh,FAR,OPR,comp_PR,Pt2_kPa,Tt2_K,Pt3_kPa,Tt3_K,Pt4_kPa,Tt4_K,Pt5_kPa,Tt5_K,turb_PR,comp_pwr_kW,Wc2_kgps,NPR,Vj_mps,A8_cm2,Nmech,comp_eff,turb_eff,res,c_in_gamma,c_in_Cp,c_out_gamma,c_out_Cp,t_in_gamma,t_in_Cp,t_out_gamma,t_out_Cp,N_pct,comp_RlineMap,comp_NcMap,comp_WcMap,comp_PRmap,comp_effMap,pwr_net_kW,conv,igv_deg,W_stack,PR_stack,eta_stack,stall_index,stall_row,SM_peak,SMW_peak,i_R1,i_R2,i_R3,i_R4,i_R5,i_R6,si_R1,si_R2,si_R3,si_R4,si_R5,si_R6,case,A8_scale
1e-06,0.0,690.2917955937208,690.2922604852376,0.0004648915167017608,1.3660802449265437,0.023629817779268432,0.12323389115786872,0.016432656114950327,5.273798434075401,5.440630750103028,98.21762904407328,288.1500000000577,534.3658527793973,532.1486477571628,507.6475601404274,1163.3270353908795,167.09490135055697,957.366741184098,3.0380792952826696,338.8812728622779,1.4092997577357873,1.6491039321504841,507.2843354817293,65.53396241892564,100000.0,0.7239562445618655,0.7496931023957727,3.5685877273408757e-09,1.4001452291610537,1004.4167849535459,1.3832452649383473,1036.0647415687058,1.3124508570308615,1205.6417179332614,1.327623829690137,1163.1127700513398,100.0,2.615296085285616,1.0353875034113087,2.514773919096258,5.469871813444756,0.823354572852038,2.553463058414314e-09,True,21.37002019279793,1.1059352331800685,5.529480302631893,0.8259909469176759,0.872069921603451,S6,0.12136822628764055,0.10970762042709414,-1.2622374283271327,-0.7886454474848961,-0.21178266110182165,0.4488305724874877,1.1500020669181765,1.838473629387515,0.7677274309933998,0.7821617243787893,0.7997435396091876,0.8198779287323756,0.8412484659743397,0.8622319304800243,SLS_bleed20,1.0
1e-06,0.0,569.5877949366277,569.5882277542539,0.00043281762616235493,1.2718313574556042,0.019803489125467557,0.12516518346327138,0.014792302893704125,4.742896102374863,4.8929337557529315,98.21762904407322,288.1500000000577,480.5723525597654,511.52964818809323,456.5437349317772,1088.1623396419375,153.69720846488514,896.8223201120968,2.9704100646439695,288.35368293227657,1.3120690608034826,1.5168785451159685,450.32657870883384,65.53396241717627,95000.0,0.7296472105533328,0.7484496539440784,7.565025583355733e-11,1.4001452291610537,1004.4167849535459,1.3854280366449634,1031.8078227517433,1.3186411365151707,1187.8156498124115,1.3339747362374048,1146.474265110605,95.0,2.407008936926994,0.9836181282407434,2.3412741228784584,4.918568294840534,0.8298269016816012,-5.5299307631852024e-11,True,21.37002019279793,1.0296343235317837,4.94695781273021,0.8326740018106435,0.8367717224472009,R1,0.10998755554570017,0.1451276000250148,1.0031192387718164,0.9105351620126925,0.7923117172667489,0.6754325741091307,0.558669461471851,0.44076735227197616,0.8367717224472009,0.8339499142645962,0.830346660925172,0.8267843796551857,0.8232256348018617,0.8196321752337317,SLS_bleed20,1.0
1e-06,0.0,371.2650878309293,371.26550049847725,0.00041266754795930946,1.212620503357433,0.017539486416069866,0.170072956406302,0.017176140483700565,3.723286998511026,3.8410701487322476,98.21762904407323,288.1500000000577,377.2608030004471,479.54903749697,358.3977628504247,1144.8517784146677,133.6484907826151,963.9996402399872,2.681644669174557,211.5189541058523,1.250984916847965,1.3190124292404348,383.92536376170733,65.53396254874045,90000.0,0.6982305469509775,0.7441602362745284,2.6043596533105757e-08,1.4001452291610537,1004.4167849535459,1.3885918804742183,1025.7462789675656,1.3131753906348822,1203.5294105085418,1.326583623830279,1165.9079067672678,90.0,2.713897889553914,0.9318487530701778,2.2322747341773366,3.8597782820701627,0.7940967676644438,1.9155376504244602e-08,True,21.37002019279793,0.981699094267524,4.257049972484601,0.7800109529683675,1.0158157361997462,R4,0.12456834497361924,0.2316094484138853,1.4962864915408787,0.07870849922372969,-1.524973145064834,6.877588245813158,5.956803799365311,5.206017245072516,0.8518026374594772,0.8085972254898994,0.7597196847231438,1.0158157361997462,0.9877517626056509,0.9648690411220753,SLS_bleed20,1.0
1e-06,0.0,323.7601673929195,323.7605575549511,0.0003901620315516129,1.1464882117111053,0.01576189686818721,0.17526192052097048,0.01632572610845887,3.4615219689242793,3.5710243957377137,98.21762904407349,288.1500000000577,350.7375494079035,465.82274168599685,333.2006719375083,1103.5826880948773,129.24934595906922,934.3946843872685,2.577967953841921,185.49233108592162,1.1827603576086223,1.2755961010218593,354.4089723594806,65.53396241691885,85000.0,0.7025609171708604,0.7413571796086801,2.3685273096732386e-12,1.4001452291610537,1004.4167849535459,1.3898375045259554,1023.3936676261413,1.3165313203539135,1193.8121964160662,1.3296488316764339,1157.7445797239648,85.0,2.400856212794426,0.8800793778996125,2.1105338899918595,3.5879543075992553,0.7990216925469423,-9.003855160344418e-13,True,21.37002019279793,0.9281604887175711,3.5921092650488493,0.8008421207071258,0.9100807041854363,R4,0.12430632601667302,0.3344328546449289,2.1559360563063947,-0.3870821065752068,-3.3363681786012407,3.408401225770959,2.247333825408809,1.1884028400251623,0.8719076555648022,0.7944007049991949,0.7045113864229836,0.9100807041854363,0.874693307069391,0.842418857466751,SLS_bleed20,1.0
1e-06,0.0,264.02980738974605,264.030162977563,0.00035558781695034037,1.0448921406841754,0.01371439355844498,0.18699334479883933,0.015586146853386948,3.10450482495414,3.202713305338894,98.21762904407342,288.1500000000577,314.5629073582937,448.0603803415227,298.83476199037904,1062.3819287057383,123.6842113318163,909.0468854170599,2.4161108258892803,151.97789661603352,1.077950029798884,1.2206723102707207,317.3573743868498,65.53396241680053,80000.0,0.7034901658459604,0.7401272201229508,2.8502124623496024e-09,1.4001452291610537,1004.4167849535459,1.3914278535634383,1020.3970480732684,1.3199498389532396,1184.119418196119,1.3323549053183068,1150.6614223590723,80.0,2.183437710777212,0.828310002729047,1.9235088959255586,3.2172179293235805,0.8000785259560156,0.0,True,21.37002019279793,0.8459115323193167,3.214374071534268,0.8016717884288472,0.9348287756982971,R1,0.10635773221151257,0.1278346519245106,4.220390278291163,0.9026760606596511,-2.4617462355491924,3.8582088921442264,2.01188332756805,0.3051751333641519,0.9348287756982971,0.8337103819683069,0.7311684039359515,0.923790091350064,0.8675171687455843,0.8154995506377433,SLS_bleed20,1.0
1e-06,0.0,211.94308927954643,211.94340802101948,0.00031874147305113325,0.9366194347084119,0.012064759639717969,0.2049282892432398,0.015296396317705425,2.76311487020396,2.8505237575569558,98.21762904407338,288.1500000000577,279.9716850010472,431.57446452686776,265.97310075099483,1037.9818176475128,118.81393349866002,900.069578916487,2.238568263157405,122.07628888834759,0.9662518342735942,1.1726062456498239,284.2805749272631,65.53396241963473,75000.0,0.6953759773691767,0.7389406918692586,3.8018154121648997e-10,1.4001452291610537,1004.4167849535459,1.3927674630717588,1017.8983089569441,1.3219703904621976,1178.5061384580567,1.333347474656548,1148.090955533639,75.0,1.9070045950291954,0.7765406275584815,1.7241930957378542,2.862709252243457,0.7908502690861734,-2.786277027560363e-10,True,21.37002019279793,0.7582573840544589,2.8564168768570903,0.7922084218369496,1.0056316978449331,R1,0.0816468736029965,0.0960613992009074,6.543447961376991,2.374442466945318,-1.4471320799750913,4.41455694459431,1.9324316218294229,-0.378021073920209,1.0056316978449331,0.8785673663819946,0.7620921505088574,0.940746651719125,0.8650956133202549,0.7946768701561392,SLS_bleed20,1.0
1e-06,0.0,165.20241293951116,165.2026920626245,0.00027912311333927274,0.8202011809989411,0.0106571451986211,0.23223463890375237,0.015429580225609179,2.449516988954511,2.527005462874153,98.21762904407332,288.1500000000577,248.19648514492036,416.3538650430567,235.78666088767434,1029.8444756862853,114.93985064045269,906.6784105105975,2.0513917459771775,95.476670875504,0.8461503853593674,1.1343718936530056,253.00563888086032,65.53396241684912,70000.0,0.6752685159216057,0.7371412335916033,4.799105467817526e-12,1.4001452291610537,1004.4167849535459,1.3939551127067844,1015.6931028259094,1.3224899625961861,1177.0610482434406,1.3326709110322905,1149.8435455673043,70.0,1.4853758943163433,0.7247712523879161,1.5098824143390432,2.5370606252994534,0.7679820771813948,-3.530923592291929e-12,True,21.37002019279793,0.664008858727399,2.5301203417988867,0.7692666107938076,1.0895657891475792,R1,0.042852792901644676,0.04879511898075961,9.297341865213603,4.228512139990144,-0.07373284543132286,5.31107998094204,2.234616391335784,-0.5950027996554397,1.0895657891475792,0.9350763164915137,0.8039510676539894,0.9680711780136574,0.87430570089795,0.7880636291908666,SLS_bleed20,1.0
1e-06,0.0,128.60781628366334,128.60805605902092,0.00023977535757653014,0.704578094970119,0.009789154822945675,0.2740187834686139,0.01649869820710362,2.163303061858392,2.2317373914200918,98.21762904407338,288.1500000000577,219.19595523428657,403.6564654936726,208.23615747257222,1057.3241528849169,111.88043117976366,947.4168139055638,1.8612384245998226,73.84488805541558,0.7268692613300498,1.1041885408373895,229.0421920356688,65.5329049158139,65000.0,0.63919927789076,0.7364844289087218,0.02263614565230487,1.4001452291610537,1004.4167849535459,1.39487396260125,1013.9950803499066,1.3197177911348292,1184.7771921161461,1.3284269611825672,1160.9849244147408,65.0,1.0,0.6730018772173506,1.2974671302033534,2.23984824618595,0.7269605758198611,0.016876164748647577,False,21.37002019279793,,,,,,,,,,,,,,,,,,,,SLS_bleed20,1.0
1e-06,0.0,92.23097062703407,92.23116400120122,0.0001933741671516865,0.568228543939016,0.009056899522739456,0.35351290418172343,0.018927363466639525,1.896809497185365,1.9568135199849417,98.21762904407345,288.1500000000577,192.19358441430862,386.78517383927897,182.58390519359318,1128.7394880170905,108.74544823552327,1031.4052131182252,1.6790027367228184,50.81930017136666,0.5862059365003655,1.0753119966685267,203.1864299555217,65.58268663493124,60000.0,0.6126898987649401,0.7337207985275473,4.031292814675377,1.4001452291610537,1004.4167849535459,1.3959671399443336,1011.9903728620507,1.3130834864200986,1203.78378796381,1.3200492839402518,1183.8369004098213,60.0,1.0,0.6212325020467853,1.141169748338029,1.9631140314029316,0.6968114905807088,3.004908694127514,False,21.37002019279793,,,,,,,,,,,,,,,,,,,,SLS_bleed20,1.0
1e-06,0.0,68.38324137591772,68.38339953190594,0.00015815598821207385,0.4647401885200524,0.008534400094302676,0.4492890322439372,0.02180702328382161,1.6826014997958867,1.7358292271486708,98.2176290440735,288.1500000000577,170.48903111594896,371.4340232782674,161.9645795601515,1214.9443054368423,106.6506881267042,1131.2853104537362,1.518645424657108,35.06831549843505,0.47944345694466184,1.0556608698551153,183.67703287590027,65.6388317906147,55000.00000000001,0.5835048611689788,0.7322917251299542,4.899435468229666,1.4001452291610537,1004.4167849535459,1.396914502172436,1010.2561113671129,1.3056787524054043,1225.9971631014355,1.31103573578567,1209.808776753099,55.00000000000001,1.0,0.5694631268762199,1.0014781484323418,1.740674581390126,0.6636193821570346,3.6506880435261744,False,21.37002019279793,,,,,,,,,,,,,,,,,,,,SLS_bleed20,1.0
1e-06,0.0,47.167594754007936,47.16771411586154,0.00011936185360243836,0.35074391410912936,0.008210974683811137,0.6266910368417367,0.02779957696997125,1.504748024032289,1.5523495016058844,98.21762904407326,288.1500000000577,152.46808749547876,357.5971635831419,144.84468312070481,1400.969835789567,104.61912920543381,1328.9002988534455,1.3844952086752955,22.06012777334596,0.3618406129633163,1.0380381535565548,166.8896993383651,64.84035904964526,50000.0,0.5524594194735701,0.7253447082015385,5.705662387376914,1.4001452291610537,1004.4167849535459,1.3976134991752338,1008.9869985746478,1.2912742422284276,1272.5409395778236,1.2952266329748572,1259.273838534962,50.0,1.0,0.5176937517056543,0.873332665184286,1.5559866621067557,0.6283114383715706,4.247567242214893,False,21.37002019279793,,,,,,,,,,,,,,,,,,,,SLS_bleed20,1.0
1e-06,0.0,33.639134422217786,33.639227325606484,9.290338869140883e-05,0.27299591284967184,0.00783296375087592,0.8382697708336043,0.03407246781488339,1.3697481288041273,1.4130789946988844,98.21762904407332,288.1500000000577,138.78926851130709,345.3708075974205,131.84980508574174,1586.314063202105,103.15616439103253,1526.7972520769306,1.2781573051314763,14.13977149364244,0.281632850830509,1.026322011888789,151.99250507393091,64.39836196517845,45000.0,0.5219509775322138,0.723178582111601,4.748129080866333,1.4001452291610537,1004.4167849535459,1.3982311383200685,1007.8656007193101,1.277845245782019,1320.965895407358,1.280913075418325,1309.335853261343,45.0,1.0,0.4659243765350889,0.7609444457165905,1.4157990742841657,0.5936142237654465,3.528037280883853,False,21.37002019279793,,,,,,,,,,,,,,,,,,,,SLS_bleed20,1.0
1e-06,0.0,28.79547670663042,28.79555498419358,7.827756316027108e-05,0.2300180339122783,0.008363508471529868,1.045602780056589,0.043177772372966834,1.2569999354259127,1.296764104097719,98.21762904407338,288.1500000000577,127.36509573393992,332.4320372497443,120.99684094724292,1839.396657177822,102.54709288114938,1795.6651836247404,1.179914881521571,9.216115051174421,0.23729525455868547,1.022019863647514,153.0694504334654,64.11526995666978,40000.0,0.49172137246449454,0.7138973846732036,3.3547616198466628,1.4001452291610537,1004.4167849535459,1.3987709741895544,1006.8893834251483,1.258390623347673,1405.7092875042142,1.2610400167138849,1392.6091136774266,40.0,1.0,0.4141550013645235,0.6567381781705462,1.2987182629669902,0.5592341300029003,2.4855311519858954,False,21.37002019279793,,,,,,,,,,,,,,,,,,,,SLS_bleed20,1.0
1e-06,0.0,190.90547782437056,190.90548554248397,7.718113399150472e-06,0.022679618500000002,0.009198417563054829,0.17345915687899705,0.4816271868121418,1.1759845761998424,1.2131858899991217,98.21762904407333,288.15000000005966,119.15624170543771,322.8969082617748,113.19842962016581,2500.0,111.32707491506244,2500.0,1.016809520114771,0.7128893262925884,0.023397147404989257,1.1513590699297942,674.5038055658623,0.10000000000033965,35000.0,0.4623431246874206,0.6775065327376059,,1.4001452291610537,1004.416784953546,1.399116556169736,1006.2666258397508,0.7624282077343238,12077.775741700561,0.7629205799503715,12125.453272828794,35.0,1.0,0.3623856261939458,0.5630520034546708,1.2145896955537454,0.5258222838708555,236.1661193451189,False,21.37002019279793,,,,,,,,,,,,,,,,,,,,SLS_bleed20,1.0
1e-06,0.0,690.2917955937208,690.2922604852376,0.0004648915167017608,1.3660802449265437,0.023629817779268432,0.12323389115786872,0.016432656114950327,5.273798434075401,5.440630750103028,98.21762904407328,288.1500000000577,534.3658527793973,532.1486477571628,507.6475601404274,1163.3270353908795,167.09490135055697,957.366741184098,3.0380792952826696,338.8812728622779,1.4092997577357873,1.6491039321504841,507.2843354817293,65.53396241892564,100000.0,0.7239562445618655,0.7496931023957727,3.5685877273408757e-09,1.4001452291610537,1004.4167849535459,1.3832452649383473,1036.0647415687058,1.3124508570308615,1205.6417179332614,1.327623829690137,1163.1127700513398,100.0,2.615296085285616,1.0353875034113087,2.514773919096258,5.469871813444756,0.823354572852038,2.553463058414314e-09,True,21.37002019279793,1.1059352331800685,5.529480302631893,0.8259909469176759,0.872069921603451,S6,0.12136822628764055,0.10970762042709414,-1.2622374283271327,-0.7886454474848961,-0.21178266110182165,0.4488305724874877,1.1500020669181765,1.838473629387515,0.7677274309933998,0.7821617243787893,0.7997435396091876,0.8198779287323756,0.8412484659743397,0.8622319304800243,SLS_bleed30,1.0
1e-06,0.0,569.5877949366277,569.5882277542539,0.00043281762616235493,1.2718313574556042,0.019803489125467557,0.12516518346327138,0.014792302893704125,4.742896102374863,4.8929337557529315,98.21762904407322,288.1500000000577,480.5723525597654,511.52964818809323,456.5437349317772,1088.1623396419375,153.69720846488514,896.8223201120968,2.9704100646439695,288.35368293227657,1.3120690608034826,1.5168785451159685,450.32657870883384,65.53396241717627,95000.0,0.7296472105533328,0.7484496539440784,7.565025583355733e-11,1.4001452291610537,1004.4167849535459,1.3854280366449634,1031.8078227517433,1.3186411365151707,1187.8156498124115,1.3339747362374048,1146.474265110605,95.0,2.407008936926994,0.9836181282407434,2.3412741228784584,4.918568294840534,0.8298269016816012,-5.5299307631852024e-11,True,21.37002019279793,1.0296343235317837,4.94695781273021,0.8326740018106435,0.8367717224472009,R1,0.10998755554570017,0.1451276000250148,1.0031192387718164,0.9105351620126925,0.7923117172667489,0.6754325741091307,0.558669461471851,0.44076735227197616,0.8367717224472009,0.8339499142645962,0.830346660925172,0.8267843796551857,0.8232256348018617,0.8196321752337317,SLS_bleed30,1.0
1e-06,0.0,325.149249446119,325.1496655683023,0.00041612218331081526,1.2227719235007792,0.018419392387697374,0.20393653901605838,0.020443507355244795,3.45709302176091,3.5664553424398258,98.21762904407349,288.1500000000577,350.2887878260089,475.85146472030607,332.7743484347085,1253.6131143330692,129.433607705284,1067.1738360199342,2.5710041953896896,197.49054274505096,1.261457503653769,1.2774146290935924,379.8604820899426,65.5339624229615,90000.0,0.6638496550254658,0.7407834187624327,2.970510114375597e-10,1.4001452291610537,1004.4167849535459,1.38893959749265,1025.0855589082826,1.3042233021018153,1230.4912015609036,1.316396914148862,1194.182033096466,90.0,2.8507434581784064,0.9318487530701778,2.2509621624694205,3.5833551675897235,0.7549954203133571,-1.9516423529909574e-10,True,21.37002019279793,0.989917362004756,3.952705857906346,0.713930316660349,1.1393152705997156,R4,0.18602641549688737,0.34389875254862834,1.061361135612799,-0.4989831592891605,-2.3868858628732923,10.929632053428833,8.834894979063307,7.374723325888809,0.8385468382860064,0.7909901476199618,0.733450023190192,1.1393152705997156,1.0754711796527519,1.0309675839679868,SLS_bleed30,1.0
1e-06,0.0,297.6876385333455,297.68803478438093,0.00039625103548612486,1.1643807042332974,0.017627655777956896,0.21317499481435942,0.020545897952663,3.2920851232381736,3.3962275535065025,98.21762904407342,288.1500000000577,333.5694179995627,469.0712652296301,316.89094709958454,1251.542383201861,126.86493695388799,1071.9865399282219,2.49786075418747,181.19959926782832,1.2012189258153325,1.2520637356727493,365.18175060159234,65.53396241680053,85000.0,0.658562393149236,0.7366354561550875,5.056425886083768e-13,1.4001452291610537,1004.4167849535459,1.389546665330946,1023.9416923298884,1.3042799144505608,1230.3153680050139,1.3159857142836917,1195.3657171962589,85.0,2.427076052624492,0.8800793778996124,2.1434716136062653,3.412006447455668,0.7489822236922069,2.1437750381772425e-14,True,21.37002019279793,0.9426456830999786,3.415488067002383,0.7505426102994575,0.9977639389371686,R4,0.10063132810579178,0.43905321915708484,1.3929059261509948,-1.3847494358645065,-4.986425618473028,6.285305257301921,4.927665395612756,3.8371483136185134,0.8486517703174042,0.7639934694155821,0.6542203887851072,0.9977639389371686,0.9563853411820495,0.9231482000562851,SLS_bleed30,1.0
1e-06,0.0,244.58677675205,244.5871425036821,0.00036575163207707307,1.0747584354193889,0.015189093772549997,0.22356375233078368,0.019179910052853355,2.966816487009389,3.0606693090206836,98.21762904407335,288.1500000000577,300.6116828199738,448.9138276540109,285.5810986789751,1188.622560172878,121.96250765228359,1027.3242973843037,2.341548269023541,148.4273762433369,1.108761222692656,1.2036803596776202,325.4971084626378,65.53396241680052,80000.0,0.6685637564322786,0.736143428457516,2.743085242909546e-10,1.4001452291610537,1004.4167849535459,1.3913514503212048,1020.5410171082107,1.3090250916344486,1215.8298920509362,1.3201892802346546,1183.4380674471352,80.0,2.2386110482960726,0.828310002729047,1.978488813349287,3.0742385889681394,0.7603567622167432,-4.0353412483336324e-14,True,21.37002019279793,0.8700903371552136,3.0727478984578287,0.7616011508265789,0.9945014295409629,R4,0.09822041105978818,0.11622748274674444,2.949677645008734,-0.5537573153709303,-4.591608476380216,6.178261687782303,4.232282466702735,2.634369915952064,0.8960995748264827,0.7893207227335536,0.6662537565216422,0.9945014295409629,0.9351912297589037,0.8864895213374204,SLS_bleed30,1.0
1e-06,0.0,199.09062263196546,199.09095586815994,0.00033323619447298166,0.9792120652011801,0.013238916650437433,0.23938897428473147,0.01834852919705339,2.671639564677615,2.7561547052803204,98.21762904407329,288.1500000000577,270.70298043129964,430.72030089515727,257.1678314097347,1144.9712057394618,117.71690573527603,1000.9004289113567,2.184629555146977,119.80856842817438,1.0101919937610897,1.161779387478185,291.040591069518,65.53396241680689,75000.0,0.672491447814521,0.7346129696993758,3.4861876873193693e-12,1.4001452291610537,1004.4167849535459,1.3928341167891607,1017.7745498755526,1.3123888299383317,1205.8287101843464,1.3228110547840972,1176.1691478290622,75.0,2.0270300710739044,0.7765406275584815,1.8026005221733363,2.7677187901738423,0.764823720937816,-2.4590360732033077e-13,True,21.37002019279793,0.7927390266305584,2.763935429738712,0.7659116460019763,1.0031493094375252,R4,0.08527474882313046,0.09771235135696088,4.7030152876745035,0.47223535357511537,-3.934167179215656,6.462000313633176,3.909876761874166,1.766767120214304,0.9495383807219644,0.8205912674089276,0.6862914703149962,1.0031493094375252,0.9253648418113234,0.8600464357231081,SLS_bleed30,1.0
1e-06,0.0,159.31801200199507,159.31831140604257,0.0002994040474971989,0.8797965543418635,0.01157198537613506,0.2614842278697561,0.017850532851803883,2.3999500040276045,2.4758704667694906,98.21762904407325,288.1500000000577,243.1741270663423,414.14329817562776,231.01542071302515,1113.8106534060403,114.43717529056498,985.9423000615362,2.018709568166628,95.03862864454933,0.9076312138291996,1.1294108572026167,259.34307626708664,65.53396241927022,70000.0,0.6696101841664757,0.7349895542481809,9.921601055475836e-11,1.4001452291610537,1004.4167849535459,1.3941276010626087,1015.3728294711899,1.3148170610717456,1198.7498040384698,1.324340535208806,1171.9826158410283,70.0,1.7735983813843137,0.7247712523879161,1.6195896523569857,2.4855889108896174,0.761546863229867,-5.1463211357654855e-11,True,21.37002019279793,0.7122553825749649,2.480729882548376,0.7625854517340072,1.0180332842345898,R4,0.06615002771661915,0.07338517043566717,6.640798238385301,1.685571106154498,-3.0768164115742636,6.950346429285958,3.819287033223972,1.1465383942649083,1.0085987718587035,0.8575717166905368,0.7124220912184933,1.0180332842345898,0.9226038180314986,0.8411428990110239,SLS_bleed30,1.0
1e-06,0.0,128.2349671797979,128.23523366216003,0.00026648236213853337,0.7830564281351463,0.010416272066520035,0.2924208604264347,0.018052810404481555,2.1549313914521564,2.223100890042337,98.2176290440735,288.1500000000577,218.3476985457279,399.69281646105446,207.43031361844146,1108.8937311035995,111.95494943492572,995.8874305573123,1.8528016373140446,74.83604089387897,0.8078304613237784,1.1049131113929005,234.487248003266,65.53396242481364,65000.0,0.6586558042324355,0.7343691147957788,3.804098366783493e-10,1.4001452291610537,1004.4167849535459,1.395130786920575,1013.5241063645531,1.315019727012068,1198.160951350303,1.3234019238260268,1174.5427582563018,65.0,1.530353817482463,0.6730018772173507,1.4415038135356406,2.231154874399902,0.7490884600056376,2.6826444201265946e-10,True,21.37002019279793,0.6339376450688707,2.2148389696790387,0.7520475685697218,1.0665950252953122,R1,0.052970909687219514,0.05380738731651458,8.543666623634685,2.898819226276899,-2.2645125703072537,7.31246680006911,3.667898771323415,0.4936241653748823,1.0665950252953122,0.8945494950810725,0.7371797569671301,1.029070108936339,0.9179897564008715,0.8212431627052408,SLS_bleed30,1.0
1e-06,0.0,96.43567392993377,96.43589986023217,0.00022593029838769533,0.6638944920902683,0.009324316550973375,0.34808217971176264,0.019060904640208768,1.9288225259777374,1.9898392548568609,98.21762904407326,288.1500000000577,195.4372937908663,386.41063705156137,185.66542910132299,1133.0616581537827,109.27267606391028,1033.3916798456344,1.6991020609098366,55.85989313615159,0.6848985265248814,1.0787049557685466,207.78527122724788,65.5384723424866,60000.0,0.6319351857055344,0.7327776970464139,0.7170985336127068,1.4001452291610537,1004.4167849535459,1.3959914073299704,1011.9458700623851,1.3127071945173725,1204.8884205205916,1.3198131060083342,1184.501549535565,60.0,1.0,0.6212325020467853,1.237320800232874,1.9963572370936695,0.7186991324477635,0.5345960245583858,False,21.37002019279793,,,,,,,,,,,,,,,,,,,,SLS_bleed30,1.0
1e-06,0.0,73.0538214992584,73.05401082801698,0.00018932875859724318,0.5563411411572029,0.008649358716344969,0.4262294667111696,0.021099312152859487,1.7261688088634015,1.7807747525370565,98.21762904407332,288.1500000000577,174.9034740557361,370.7045333831459,166.15830035294928,1190.3724686711362,107.14521491086654,1104.5252792827914,1.5507766771588944,39.298220152087374,0.5739424447159448,1.0591018258624683,187.46065598563703,65.58430502595469,55000.00000000001,0.61737554615031,0.7304768522644745,2.767419408400623,1.4001452291610537,1004.4167849535459,1.3969513538325313,1010.189202763696,1.3076604196593375,1219.9405947921584,1.3133225070898786,1203.079608139676,55.00000000000001,1.0,0.5694631268762199,1.0968656851765821,1.7859160681021997,0.7021404717594696,2.062593819289931,False,21.37002019279793,,,,,,,,,,,,,,,,,,,,SLS_bleed30,1.0
1e-06,0.0,53.00170771773599,53.001857555693064,0.0001498379570693424,0.4402977162172961,0.008250853615081256,0.5604172826369699,0.025431853576802572,1.5514388487897686,1.6005173525578424,98.21762904407338,288.1500000000577,157.19901961212858,357.0033553438895,149.33906863152217,1324.004737150878,105.11715953993387,1249.6330373902235,1.420691629084483,25.928736018778203,0.4542276832573778,1.0424788084906216,171.12485065066727,65.0664756054776,50000.0,0.6000145489435925,0.7253256997347294,4.52797573944711,1.4001452291610537,1004.4167849535459,1.3976434966015734,1008.9325346536924,1.2969727964365634,1253.555040856188,1.3012730887037702,1239.7263088287937,50.0,1.0,0.5176937517056543,0.964767073483453,1.604471693040564,0.6823958303577325,3.372720304072521,False,21.37002019279793,,,,,,,,,,,,,,,,,,,,SLS_bleed30,1.0
1e-06,0.0,37.78207198792375,37.782191120522775,0.00011913259902205822,0.3500702512392664,0.0075921221051281915,0.7234023477377705,0.02943293310144427,1.4137083309496818,1.4584298420176784,98.21762904407345,288.1500000000577,143.24352121009898,344.4191226792136,136.08134514959403,1442.6797278717315,103.49677877850584,1380.385418368769,1.3148365268529045,16.838025697928167,0.36114563701090047,1.029553210478875,152.83017304435685,64.6193466381136,45000.0,0.5801180649797568,0.7239597499200154,4.352551406995769,1.4001452291610537,1004.4167849535459,1.398279214611951,1007.7783124522679,1.2880564055128016,1283.6304511693554,1.2913897150669083,1272.131416039239,45.0,1.0,0.4659243765350889,0.8445421776039493,1.4614485519268205,0.6597675828933908,3.2377516304910117,False,21.37002019279793,,,,,,,,,,,,,,,,,,,,SLS_bleed30,1.0
1e-06,0.0,30.168415384643225,30.16851296499957,9.758035634770317e-05,0.2867391473288738,0.007750120366751246,0.9248226320334604,0.03668149464666661,1.2951897563570074,1.3361620288944163,98.2176290440735,288.1500000000577,131.2346664967284,332.111337977213,124.67293317189197,1654.2895868560352,102.74026018895388,1606.5003383873236,1.213476907130669,10.77133957355253,0.2958108883901445,1.023454319539513,147.9438092344881,64.26232353070046,40000.0,0.5589050306913284,0.7165614000468978,3.3731197416204717,1.4001452291610537,1004.4167849535459,1.3987825973033878,1006.8684379397905,1.2727913658485988,1340.9059253077976,1.2752793018998958,1330.8850846246855,40.0,1.0,0.4141550013645235,0.730482703162622,1.3383756187498117,0.6356420243162769,2.5035484109561703,False,21.37002019279793,,,,,,,,,,,,,,,,,,,,SLS_bleed30,1.0
1e-06,0.0,28.5073965072009,28.507478030104327,8.152290342335416e-05,0.23955444200360224,0.009130488519049728,1.1530256247804387,0.051726768964137464,1.2072312801695289,1.2454210579870404,98.21762904407326,288.1500000000151,122.32230347704838,321.9718567621632,116.20618830319596,2054.026951606998,102.80993440889995,2021.0714420284708,1.1303011617633745,6.921758324496974,0.24713337180154957,1.0232315066819733,164.94033432204557,61.49704964580971,35000.0,0.5362005805124401,0.7044941871192565,2.553023158060042,1.4001452291610548,1004.4167849535439,1.3991500828403673,1006.2062089498488,1.2339602951456696,1556.1833993326836,1.2370558544028463,1533.478442854118,35.0,1.0,0.36238562619398473,0.6263200872803778,1.2470371285648127,0.6098202802270436,1.8899434933785955,False,21.37002019279793,,,,,,,,,,,,,,,,,,,,SLS_bleed30,1.0
