MN,alt_m,Fn_N,Fg_N,Fram_N,W_kgps,Wf_kgps,TSFC_kgpNh,FAR,OPR,comp_PR,Pt2_kPa,Tt2_K,Pt3_kPa,Tt3_K,Pt4_kPa,Tt4_K,Pt5_kPa,Tt5_K,turb_PR,comp_pwr_kW,Wc2_kgps,NPR,Vj_mps,A8_cm2,Nmech,comp_eff,turb_eff,res,c_in_gamma,c_in_Cp,c_out_gamma,c_out_Cp,t_in_gamma,t_in_Cp,t_out_gamma,t_out_Cp,conv,N_pct,case,comp_RlineMap,comp_NcMap,comp_WcMap,W_stack,PR_stack,stall_index,stall_row,beta_cc,SM_peak,SMW_peak
1e-06,0.0,678.5805317873743,678.5809986353952,0.00046684802090774734,1.371829417903233,0.02568921320815193,0.13628620807283182,0.017789932355471477,4.211594059986269,4.3436904014279465,98.24327066422629,288.1500000000577,426.73835178908746,502.53346323197934,405.40143419963306,1185.3449703129972,158.78971338657936,1006.5203631886171,2.553071137628849,298.3314703360452,1.414861443733203,1.5671378277372277,495.9257976632769,71.8295043687417,100000.0,0.6909594059702456,0.7499059410109543,3.740004549113737e-09,1.4001452291610537,1004.4167849535459,1.3863180543984117,1030.1026724113387,1.3101474709214087,1212.4709515819784,1.3227403378120712,1176.3733153809117,True,100.0,SLS,2.9123002725446896,1.0353875034113087,2.54812984441454,1.1211288755830287,4.3890906435319375,0.8176374693246059,S2,0.983078197881734,0.10025416656704156,0.08160187317905665
1e-06,0.0,624.6834622436336,624.6839158442776,0.0004536006440331977,1.3329021000338717,0.023758170439025422,0.13691640446715408,0.016933173048868776,4.028191418960268,4.154535349902451,98.24327066422623,288.1500000000577,408.1551408645623,493.87337774911816,387.7473838213342,1148.433281044276,153.74026297192813,975.5542416748564,2.522093928590027,277.99287122083075,1.3747130401179146,1.5173034614579421,470.2652908325816,71.82950438354642,97500.0,0.694310286472474,0.7492809076240453,5.81932344542704e-09,1.4001452291610537,1004.4167849535459,1.3871747894173991,1028.461266153977,1.3131006603940767,1203.7485331335458,1.325799772435791,1168.030500706724,True,97.5,SLS,2.6925176194546885,1.0095028158258375,2.4758235801484743,1.089315488627134,4.193011809660279,0.8280130927364981,S2,0.9573402665601918,0.08512815140650298,0.13218108536198958
1e-06,0.0,575.4737468632112,575.4741843761223,0.00043751291105293967,1.2856284169907746,0.022325911606496426,0.13966454981045673,0.01649746983332572,3.853944628932072,3.97482332197553,98.24327066422647,288.1500000000577,390.49964346332183,486.513719013892,370.9746612901557,1127.055906263448,149.21217757289918,959.7305091046837,2.4862224204784633,258.401056064934,1.325956459621793,1.4726145848138863,449.3423467987313,71.82950436666147,95000.0,0.6946703732853234,0.7480054826324555,4.840562597899985e-13,1.4001452291610537,1004.4167849535459,1.3879028740986779,1027.066338979571,1.3148078134883172,1198.7709298217849,1.327383759317572,1163.7553251449583,True,95.0,SLS,2.3350023001913454,0.9836181282407432,2.388014206006345,1.0506810269204805,4.009702217008035,0.8469989117687029,S2,0.9254132315974469,0.06121514951225149,0.10914280210678773
1e-06,0.0,522.3411714813408,522.3415913866752,0.0004199053344066067,1.233888684701755,0.020688369479469955,0.14258521861272114,0.015928463603867998,3.6588872058420376,3.77364793699405,98.24327066422643,288.1500000000577,370.73551566560616,478.083849964778,352.1987398823258,1099.9534504534247,144.0436449444334,938.9046010390695,2.4450835024217197,237.302864334561,1.2725937372822325,1.4216049644560138,425.19560461534934,71.829504366661,92500.0,0.6919813000838655,0.7467382225915414,3.5648241150937223e-11,1.4001452291610537,1004.4167849535459,1.3887368324007252,1025.4685689998946,1.317044130260892,1192.3403743091037,1.3295289979227811,1158.0625788603124,True,92.5,SLS,1.9168481323358038,0.9577334406554605,2.291909286351298,1.0083966822874793,3.805199922768204,0.8750484934193098,R1,0.8976938231572219,0.039296403717893336,0.07317704891887189
1e-06,0.0,470.50298349009785,470.50338391125,0.0004004211521557275,1.1766345608788205,0.019201705361975536,0.14691966199735426,0.015503216291940477,3.4610227198077923,3.569577445743232,98.24327066422639,288.1500000000577,350.6869631590702,470.14096640120664,333.15261500111666,1078.1517579733854,139.16434605332947,923.2498956393848,2.393950925285479,216.73398552882728,1.213543646043039,1.3734498686214573,401.80294523823164,71.82950436666103,90000.0,0.6854483387826672,0.7452817955748036,9.71306542641227e-14,1.4001452291610537,1004.4167849535459,1.3894508784825275,1024.122171963238,1.3188777089004387,1187.1475537234896,1.3311491077895337,1153.790528521488,True,90.0,SLS,1.44156607139492,0.9318487530701778,2.1855615584738786,0.9616056960128313,3.5957712317552963,0.9240082925669519,R1,0.891491231236638,0.016965422162908084,0.030384161177025026
1e-06,0.0,418.4281423757741,418.4285175837432,0.0003752079691183581,1.102545811091709,0.018141773356577302,0.15608506567664265,0.01563171753533139,3.2510549222561824,3.35302402348941,98.24327066422634,288.1500000000577,329.41204668332335,461.5620778169736,312.9414443491571,1075.450661612772,134.54916973298077,926.2905900506107,2.325851916962433,193.416214001927,1.1371308543940601,1.3287733742984773,381.29546984256575,71.81631283003452,87500.0,0.6786682583820148,0.7434516881135689,2.964701626696967,1.4001452291610537,1004.4167849535459,1.3902189916919192,1022.6748552659026,1.3189842236279927,1186.8453910187145,1.3308002556899754,1154.7047036639915,False,87.5,SLS,1.0,0.9059640654848953,2.086042365002674,,,,,,,
1e-06,0.0,371.8370041996451,371.83735656684075,0.0003523671956215579,1.035428368996422,0.01707675009442168,0.16533131357445657,0.015667827032230613,3.0552902408159435,3.151119197051,98.24327066422626,288.1500000000577,309.5762561711207,451.71990301643086,294.09744336256466,1068.3930071981958,130.64301195456613,925.42626279318,2.251153268456817,171.22258011245722,1.067908048859127,1.2908313346896965,360.7900334123397,71.78601556907905,85000.0,0.6764486008919998,0.7409799972838861,6.370909863892213,1.4001452291610537,1004.4167849535459,1.3911002078225958,1021.0144208203579,1.3194647738379501,1185.487660627975,1.3308494431002498,1154.5737805390181,False,85.0,SLS,1.0,0.8800793778996124,2.01306239418604,,,,,,,
1e-06,0.0,328.689130290923,328.6894586638633,0.00032837294029786193,0.964921429179638,0.01621049610202613,0.17754705157314313,0.015959818935742418,2.8654988270314035,2.9553749893739587,98.24327066422624,288.1500000000577,290.3457049953506,442.2505324305508,275.82841974558306,1070.7373386998283,126.98133453365315,933.8694505551467,2.17219657328835,150.227306674325,0.9951894226505864,1.2542471142587732,342.1295302789455,71.71563513236913,82500.0,0.6736740454142695,0.7382699499578288,9.420795139337708,1.4001452291610537,1004.4167849535459,1.3919344222793428,1019.4450855308319,1.3191017477250355,1186.5111725185632,1.3299365437196093,1156.9844031924667,False,82.5,SLS,1.0,0.8541946903143297,1.9389156660279072,,,,,,,
1e-06,0.0,293.32730109201236,293.3276086901159,0.0003075981035140365,0.9038747266643847,0.015413945594249898,0.1891750407572638,0.016200528549543732,2.6968947168266775,2.7814826235128587,98.24327066422647,288.15000000005745,273.2619502296165,432.64629450529674,259.59885271813573,1071.1698973410835,124.01329949001719,940.8073128585971,2.0933146185585754,131.8941464483023,0.9322277857818408,1.2250197563811487,325.8656254254703,71.49866122947515,80000.0,0.6706322871378708,0.7358024213955333,11.513275359387956,1.4001452291610537,1004.4167849535459,1.3926838336840934,1018.053593032661,1.318910878099978,1187.0510177935425,1.329186845014283,1158.9693432256906,False,80.0,SLS,1.0,0.8283100027290473,1.8675955490872154,,,,,,,
1e-06,0.0,258.99341382337735,258.9937006495286,0.0002868261512406245,0.8428365002614085,0.014601946350991941,0.20296657775019517,0.016458529061259143,2.5323880795723936,2.6118162475433406,98.24327066422636,288.1500000000577,256.5933705326244,422.984150422718,243.7637020059932,1072.169215681634,121.09943769203721,948.6029506124332,2.0129218322705857,114.70508967666663,0.869274890907036,1.1966690833581504,308.4817458216662,71.45426433888672,77500.0,0.667538853751626,0.7334114752119393,12.93807222917416,1.4001452291610537,1004.4167849535459,1.3934377609316289,1016.6537140888436,1.3186679631222196,1187.7384648572593,1.3283526229645415,1161.181596022268,False,77.5,SLS,1.0,0.8024253151437643,1.7968220785360098,,,,,,,
1e-06,0.0,227.06958551760664,227.0698497681301,0.00026425052345064806,0.7764981868426111,0.014054394667220204,0.22282077402246198,0.017194727766396516,2.3908471171321497,2.4658358631084347,98.24327066422639,288.15000000005773,242.2517801129182,414.65152616687476,230.1391911072723,1091.1962419802414,118.36516100184589,972.7286483238917,1.944315279592137,99.09636732880027,0.8008556540298993,1.1693980448640628,293.3514198304563,71.42497151453573,75000.0,0.6634659463832869,0.730019361163197,15.24485866016145,1.4001452291610537,1004.4167849535459,1.3940879454912103,1015.4464617723394,1.3168175612732091,1192.9921701121707,1.3258575523154965,1167.8736221472273,False,75.0,SLS,1.0,0.7765406275584813,1.7262284369353096,,,,,,,
1e-06,0.0,196.75141461670952,196.75165773787174,0.00024312116220512645,0.7144097168481354,0.013301483072764088,0.24337989719278977,0.017687901803569744,2.251680429581491,2.3223042225223782,98.24327066422643,288.1500000000577,228.15076229794195,406.07719734101056,216.74322418304482,1101.3930168172767,116.15849154009773,988.986019894544,1.8659266430661714,84.95251965600636,0.7368195711546401,1.1469841467655908,276.1402438839548,71.35904295310117,72500.0,0.659291777436548,0.7273967493146677,15.884789806483319,1.4001452291610537,1004.4167849535459,1.394717108239571,1014.2827240079372,1.3157765109074888,1195.975836455812,1.3241997132555392,1172.3645942871226,False,72.5,SLS,1.0,0.7506559399731989,1.6556533867047778,,,,,,,
1e-06,0.0,173.15748612266577,173.1577103328845,0.0002242102187170461,0.6588400508424597,0.012856468909580357,0.267290136342716,0.018538104124792856,2.132170012842881,2.1990453702530672,98.24327066422639,288.1500000000578,216.041409512686,398.56754405180374,205.23933903705168,1124.9418047240838,114.18500656812621,1017.5374554667466,1.7974280967843157,73.33509406089931,0.6795067763957022,1.1293069495246737,263.3042262950076,71.47482718014946,70000.0,0.6559314614952569,0.7252742210898342,16.80343023449516,1.4001452291610537,1004.4167849535459,1.3952036994357946,1013.3903969884238,1.313598280890617,1202.281174705783,1.3213786232838747,1180.1330490754924,False,70.0,SLS,1.0,0.7247712523879161,1.591153336576936,,,,,,,
1e-06,0.0,151.8200966414155,151.8203045870842,0.00020794566869262145,0.6110467922374851,0.01222330688420163,0.2898424237409022,0.019003686276579706,2.014280396187856,2.0774581543441055,98.2432706642264,288.1500000000579,204.0962837508322,390.0361489959186,193.8914695632906,1134.0647232061683,112.39449981626834,1033.4158469540082,1.7250974903598097,62.737041217379996,0.6302143221094372,1.1136299398696132,248.80144776051233,71.66523545684556,67500.0,0.6525688457325676,0.7225855609798072,16.2859221581191,1.4001452291610537,1004.4167849535459,1.3957564921210885,1012.3766660672188,1.3126784924649897,1204.9734583973027,1.3198487099090168,1184.4015436274299,False,67.5,SLS,1.0,0.6988865648026331,1.5268560541205745,,,,,,,
1e-06,0.0,135.99013343347164,135.99032908911488,0.00019565564323997787,0.5749326443614089,0.011655003905364242,0.30853719310333455,0.019258349336545744,1.921079886268497,1.9813344172082834,98.24327066422637,288.1500000000574,194.6527734261406,383.22773844310467,184.92013475483355,1137.2741238899634,111.0399550125217,1042.5085872464695,1.665347709605795,55.06586687644918,0.5929673329894354,1.1012745461399323,236.79909982689782,71.75748606255446,65000.0,0.648684306820701,0.7204559176147001,15.265008523643305,1.4001452291610537,1004.4167849535459,1.3961976418452495,1011.567668939373,1.3123005131313195,1206.0880879973408,1.3190011832704145,1186.7914083868166,False,65.0,SLS,1.0,0.6730018772173509,1.463555896879929,,,,,,,
1e-06,0.0,120.25769795188658,120.25787888381264,0.0001809319260578301,0.5316671115396494,0.011273348700615608,0.3374757376318088,0.020143584271313623,1.8278793763491354,1.8852106800724586,98.24327066422647,288.1500000000576,185.20926310144904,376.3372944621379,175.94879994637657,1162.1948371259814,109.69753221253194,1073.3028153321625,1.6039449238063714,47.21279005196074,0.5483446317751368,1.089431568884492,226.24850032743262,71.86032826017491,62500.0,0.6447997679088342,0.7178861007865038,14.51962359863671,1.4001452291610537,1004.4167849535459,1.3966441050646021,1010.7489267514543,1.3100800393965908,1212.6624466148055,1.3161551132915175,1194.884715423361,False,62.5,SLS,1.0,0.6471171896320681,1.4002557396392818,,,,,,,
1e-06,0.0,101.99144054856022,101.99160450853392,0.00016395997369503197,0.481795156453993,0.010665094505883495,0.37644669017985144,0.021029351675428926,1.734678866429774,1.789086942936634,98.24327066422646,288.15000000005745,175.7657527767572,368.360747988131,166.97746513791935,1186.0851695925157,108.10802147168434,1103.1164381102024,1.544542790302143,38.904159671732806,0.49690827572866914,1.075637404957503,211.56169400292313,71.99545999908229,60000.0,0.6409152289969676,0.714089979506088,14.124423925241928,1.4001452291610537,1004.4167849535459,1.3970697549005797,1009.9742314412179,1.3079779089203962,1218.9805826465213,1.3134643513484965,1202.6639618530521,False,60.0,SLS,1.0,0.6212325020467854,1.336955582398635,,,,,,,
1e-06,0.0,86.0847895276492,86.08493762833619,0.000148100686984162,0.43519276106495386,0.010065677755335414,0.4209389384354464,0.021972777865533994,1.6463881559034037,1.6980270006947413,98.24327066422636,288.1500000000576,166.81972622441793,361.335522237412,158.47873991319702,1212.4152159431128,106.7159311935128,1135.4276681073525,1.4850523079428541,32.05664255549988,0.44884404007294154,1.0634889088786803,197.5056150632493,72.07900711615316,57499.99999999999,0.6369498320642901,0.7105651976552537,12.985594042844568,1.4001452291610537,1004.4167849535459,1.3974246484134134,1009.3298797554562,1.3057277538961272,1225.8457512194498,1.3106562562285184,1210.9409957500984,False,57.49999999999999,SLS,1.0,0.5953478144615025,1.274103842653508,,,,,,,
1e-06,0.0,74.61120377450264,74.6113376179176,0.00013384341494620717,0.39329787381088427,0.00981558237456947,0.47360308855552496,0.02370926434330228,1.5805056930271635,1.6300781391610892,98.24327066422629,288.15000000005716,160.1442078294412,356.18327439674084,152.13699743796914,1266.6171498661893,105.96365704673983,1194.2191161836786,1.4357469502101325,26.926286674083794,0.40563497931673476,1.0550690383902561,189.094920214326,71.76225479533252,55000.00000000001,0.6326154003890906,0.7081691828547823,12.093152074323472,1.4001452291610537,1004.4167849535459,1.3976849246522198,1008.8573170650321,1.3013487189271247,1239.4798504905548,1.3057390430014868,1225.791836005098,False,55.00000000000001,SLS,1.0,0.5694631268762205,1.2132986733455813,,,,,,,
1e-06,0.0,64.37851317472166,64.37863357050492,0.00012039578325627389,0.3537821086642143,0.009461472474502738,0.5290787131999826,0.025406595276158447,1.5146232301509197,1.5621292776274338,98.24327066422622,288.1500000000577,153.46868943446418,350.1865925419987,145.79525496274096,1317.8232882210161,105.37510446244029,1250.940290451423,1.38358349162736,22.080585274513258,0.3648796698037683,1.0475462008124066,181.0852389115968,70.74121034007115,52500.0,0.6282809687138908,0.7060839130602491,10.963273415347762,1.4001452291610537,1004.4167849535459,1.3979878591861745,1008.3073031296542,1.2973375897667472,1252.3663204988445,1.3012111838026728,1239.922825890948,False,52.5,SLS,1.0,0.5435784392909371,1.1524935040376514,,,,,,,
1e-06,0.0,53.38847803333047,53.38858612074795,0.00010808741748058931,0.31761406788604835,0.00907984758622128,0.6122566612591916,0.02715829076565006,1.4487407672746777,1.4941804160937804,98.2432706642264,288.1500000000577,146.79317103948767,343.97198519254215,139.4535124875133,1369.873570493294,104.71553563278357,1308.931868515401,1.331736610473434,17.83187309296833,0.3275770972502413,1.0385433989329356,166.98773807613637,72.16801349039005,50000.0,0.6239465370386913,0.7036416185260285,9.703055030943618,1.4001452291610537,1004.4167849535459,1.3983018026680496,1007.7373011305642,1.2933530957818804,1265.5119900549714,1.2967476516145027,1254.2753439305843,False,50.0,SLS,1.0,0.5176937517056545,1.091688334729723,,,,,,,
1e-06,0.0,47.23099620056452,47.231094041632105,9.784106758269048e-05,0.28750524534303695,0.008905846778045234,0.6788137236152483,0.02942747854582013,1.389162232672132,1.4327332050857315,98.24327066422634,288.15000000005716,140.75639605686203,338.2912292554682,133.71857625401893,1437.8353376842747,104.54658704091007,1383.6766246572984,1.2790333959127098,14.495370213403945,0.2965238106124438,1.0345528275925757,162.8394941889602,70.88552134998599,47500.0,0.6197826829506475,0.7012833641529796,8.054884524854227,1.4001452291610537,1004.4167849535459,1.3985586193091686,1007.2720585069753,1.2883156601411612,1282.721776524486,1.2912146284841794,1272.7299660248113,False,47.5,SLS,1.0,0.49180906412037206,1.03219801536002,,,,,,,
1e-06,0.0,43.38442432340818,43.38451569492544,9.137151725177231e-05,0.26849452008109376,0.00892610659568529,0.7406801921566369,0.03158277220458674,1.3432012068969268,1.3853306150791838,98.24327066422622,288.1500000000577,136.09941057666322,333.7016564043156,129.29444004783005,1501.673744048728,104.30290562074188,1453.284692819056,1.2396053521074517,12.297011095290184,0.27691675025967866,1.031641485893241,159.833759680974,70.99958008338605,45000.0,0.615987304152612,0.6970416736985481,6.811960770982637,1.4001452291610537,1004.4167849535459,1.3987249593425537,1006.9723046903007,1.2836809906800322,1299.1954279075687,1.2862053590579374,1290.1281313714032,False,45.0,SLS,1.0,0.4659243765350889,0.9755479853881361,,,,,,,
1e-06,0.0,39.715835495146834,39.71592069711466,8.520196782710046e-05,0.2503653452384627,0.009021077533024328,0.8177060538700249,0.03423007145102497,1.2972401811217222,1.3379280250726366,98.24327066422644,288.1500000000577,131.44242509646497,328.49202946677207,124.87030384164173,1578.6316661684457,104.08758996413249,1536.553199664931,1.1996656266579975,10.154337000518192,0.25821889310864715,1.028912465344307,156.511598469599,71.67344669329341,42500.0,0.6121919253545764,0.6896565149884685,5.639610534230652,1.4001452291610537,1004.4167849535459,1.3989137720157074,1006.6320539504795,1.2781482771539383,1319.782279236796,1.2803142749813035,1311.5659991624048,False,42.5,SLS,1.0,0.4400396889498062,0.9188979554162535,,,,,,,
1e-06,0.0,2291.9133144156394,2291.913322133753,7.718113399150031e-06,0.02267961849999871,0.03356395258722395,0.0527202440659558,1.4059211338966993,1.2512791553463671,1.290525435065934,98.24327066422647,288.15000000017557,126.7854396162512,323.21740377906747,120.44616763543864,2500.0,89.05006882889028,2500.0,1.3525668112270184,0.7994768666467146,0.02339104071939097,1.0001825790290504,4043.600605528246,0.07520794592415236,40000.0,0.6083965465565285,0.5533491798082526,,1.400145229161051,1004.4167849535507,1.3991049404406102,1006.2875580174624,-0.11476034132840773,32058.868476493048,-0.07457917885108056,34444.80147334772,False,40.0,SLS,1.0,0.4141550013644387,0.8622479254441852,,,,,,,
1.02,5000.0,500.00000053433547,936.858177115298,436.85817658096244,1.3358530524408039,0.022921460518499564,0.16503451555682927,0.016300735663093847,3.8783556568555526,4.0000000000147615,102.11687802434015,308.90466137184205,408.467512098868,521.8329403568656,388.0441364939246,1150.0000000108346,148.15785176312082,970.1590770017615,2.619126370125433,289.26229519893985,1.3723999378300251,2.7426507300575746,565.2430645152534,71.83084554863952,100000.0,0.694894290503686,0.7499999999997751,1.5576221831740777e-10,1.3996236776143818,1005.3527653247414,1.3843395263909073,1033.9297133090358,1.3134177981627975,1202.8214081015599,1.3266617163274412,1165.7055387342293,True,100.0,dash,2.9368532188728897,1.0,2.4716126254300574,1.087462748297226,4.035955055752243,0.7905177906710746,S2,0.9907051864264994,0.11202521890280526,0.17623922863828745
1.02,5000.0,447.2580926063236,871.7538377111192,424.4957451047956,1.2980504137165467,0.02085517713433381,0.1678642352698264,0.015263211712163533,3.6926104027758178,3.8084288595474463,102.11687802433987,308.90466137184205,388.90486531478234,512.8635537616325,369.45962204904316,1105.9858600145672,140.97523726518082,932.1437476710533,2.620741267872973,269.0215891274336,1.33356307703895,2.6096884694506706,554.4270432748546,71.8308455487751,97500.0,0.696084637485788,0.7497699616533191,7.142398200631014e-11,1.3996236776143818,1005.3527653247414,1.3852908659011895,1032.073465229053,1.3170788340890833,1192.252515375727,1.3305512187518738,1155.3709175275749,True,97.5,dash,2.821365531031653,0.975,2.401669693477535,1.0566891828029883,3.8427758938741183,0.807853811991129,R1,0.9749779817075308,0.10215192133873474,0.17124242681359325
1.02,5000.0,382.5551321443728,795.8973011354934,413.3421689911206,1.2639442907324383,0.018189823060680795,0.17117366234610606,0.013671751226973016,3.4794646073595885,3.5885977617570717,102.1168780243396,308.90466137184205,366.45639991576496,501.29226628503915,348.1335799199767,1039.3258626773113,132.10989507252654,872.8674938684431,2.635181715410916,246.90304705092763,1.2985238629745846,2.445576092368017,537.0863688100651,71.83084554864034,95000.0,0.6968640780198697,0.7498842529729395,2.6004765757920306e-12,1.3996236776143818,1005.3527653247414,1.3864408988182046,1029.8673521034184,1.3229672973039106,1175.7615340881339,1.336927177307913,1138.9559397792375,True,95.0,dash,2.804038361019151,0.9500000000000001,2.338566102840854,1.0289247979656808,3.619547155391732,0.8260656629029606,R1,0.9755335671817978,0.10352943470288589,0.17518555864987784
1.02,5000.0,327.95933405860455,728.6273974035643,400.66806334495976,1.2251885946690424,0.016163250375004302,0.1774235257460843,0.012532836106266498,3.2881672581350716,3.391300385084484,102.11687802433964,308.90466137184205,346.3090077675683,492.0013721649498,328.9935573791899,989.9285554850611,124.82451707095206,829.7140405734326,2.6356485496529913,227.6238207366534,1.2587078706610724,2.3107115066676363,524.0511681610341,71.8308455496004,92500.0,0.6957626082404711,0.7497891167106329,7.743250411845335e-11,1.3996236776143818,1005.3527653247414,1.3873600368980403,1028.106386957859,1.3275909654906757,1163.219483211655,1.3418228111249269,1126.7585858439575,True,92.5,dash,2.94919236024164,0.9249999999999999,2.2668598118512087,0.9973753878892404,3.4247973712556847,0.8496460371050663,R1,0.9857892814344046,0.09847649711857365,0.16588766367638863
1.02,5000.0,274.22557245843376,663.3250540608,389.09948160236627,1.1898134407593608,0.014183887275751136,0.18620434897786167,0.011325046810165284,3.1023076786345243,3.1996113333878458,102.1168780243397,308.90466137184205,326.7343202568615,482.11389839336766,310.3976042440184,936.6608631291816,117.16907798433924,783.2430411626351,2.6491426712899964,208.95097568580672,1.22236490693638,2.1689964686212404,509.59094973353734,71.83084554937645,90000.0,0.6960627892475357,0.7497211391855675,5.15145331437703e-10,1.3996236776143818,1005.3527653247414,1.3883381897717406,1026.2323531850525,1.3328423392662827,1149.4156894239618,1.347350142481106,1113.3980022195292,True,90.0,dash,3.2414300413417303,0.8999999999999999,2.2014082437540705,,,,,,,
1.02,5000.0,219.32713694205466,598.0285895162453,378.7014525741907,1.158017678287047,0.012162716524115966,0.19963685341128357,0.009977896637123741,2.916896659666029,3.0083849112917305,102.11687802433973,308.90466137184205,307.2068750366417,471.6046843380945,291.8465312848096,876.7392370195415,109.9521197299218,730.4957031258922,2.6543056377783314,190.89336105962096,1.189699261294794,2.0353984473956963,492.6080919699878,71.83084554878599,87500.0,0.6947983993020204,0.7497596419963299,5.367496469195045e-11,1.3996236776143818,1005.3527653247414,1.3893198615523967,1024.3690635048185,1.3390893919904154,1133.5394423559874,1.3539411358817424,1098.029740966601,True,87.5,dash,3.547825483804383,0.875,2.142579312070189,,,,,,,
1.02,5000.0,170.6512121534295,538.1914530275337,367.5402408741042,1.123888206715315,0.01050691465290596,0.22165030223432433,0.008881282729563358,2.7445722983356093,2.8306556088989003,102.1168780243401,308.90466137184205,289.05771354284315,461.73764801075606,274.604827865701,825.9329439918151,103.07890051510445,686.8301983301382,2.664025581311496,173.92913034929649,1.154636059861343,1.9081636120259209,478.0120185563674,71.83084557580881,85000.0,0.6938104417497984,0.7496890693783627,7.271910333830846e-09,1.3996236776143818,1005.3527653247414,1.3902033021817022,1022.7044366363043,1.344692823781608,1119.7799847847366,1.3595810746418289,1085.3038732256398,True,85.0,dash,3.797795677061326,0.849999999999524,2.0794325215781915,,,,,,,
1.02,5000.0,122.18727649064714,480.54804135162766,358.3607648609805,1.0958186140893755,0.00882023346936743,0.25987026965244847,0.007646540849155211,2.577226978323196,2.658061515092961,102.11687802434014,308.90466137184205,271.43294351794066,451.1512544190017,257.8612963420436,768.2309097008806,96.71291083673108,636.8681303509057,2.666255147436935,157.72422656427946,1.1257985263434405,1.7903184485300045,444.08201840622365,71.83084570050899,82500.0,0.6915784241841023,0.7495388233226599,2.077904889705368e-08,1.3996236776143818,1005.3527653247414,1.3911511461128434,1020.9184549655951,1.3514662577328558,1103.7491765317238,1.3661723283313378,1070.95316893282,True,82.5,dash,4.019515477307644,0.8249999999999998,2.0274977976177633,,,,,,,
1.02,5000.0,81.98042853799684,429.3188921356399,347.33846359764306,1.0621139117926506,0.007497913265950677,0.3292552654187673,0.006706453539084914,2.4200826131135047,2.4959883282953594,102.11687802433951,308.90466137184205,254.8825356707123,441.872404002537,242.13840888717667,722.3880338951548,91.20634272714105,598.1756153046589,2.65484177576963,142.8057388388608,1.0911717152192089,1.6883826235860078,409.7125983273695,71.83084554969427,80000.0,0.6885569095124672,0.7495939680518784,1.5421725388930252e-10,1.3996236776143818,1005.3527653247414,1.3919639482980977,1019.3902741279752,1.3570852134357114,1090.8958124336677,1.3712851118877936,1060.1672226054418,True,80.0,dash,4.048471842235697,0.7999999999999999,1.965136920737741,,,,,,,
1.02,5000.0,49.78283551303001,386.5849350797751,336.8020995667451,1.0298951396445366,0.006453210306432363,0.4666579728484118,0.0059525960994695785,2.282436756118191,2.354025219004428,102.11687802433956,308.90466137184205,240.3857061552944,433.31693899315627,228.3664208475297,684.1604328630568,86.80384723519822,566.8337963979214,2.630832942562585,129.5124843232225,1.0580714870075496,1.6068850361846505,380.75680151566394,71.83084554863962,77500.0,0.6836389821453908,0.7498205261351565,3.7948905971321755e-11,1.3996236776143818,1005.3527653247414,1.3926315226992094,1018.1507337479845,1.3619008633594742,1080.1942979230114,1.375367955504056,1051.758927831747,True,77.5,dash,3.9806834843053456,0.7749999999999999,1.905525331071026,,,,,,,
1.02,5000.0,16.88090908152877,344.1830590050293,327.3021499235005,1.00084558212387,0.005311039644774595,1.1326251820234918,0.005041224892884034,2.139758265126681,2.206871627517962,102.11687802433993,308.90466137184205,225.3588408026283,423.5583041730213,214.09089876249686,637.8258821267973,82.7171365823266,528.5208269950465,2.5882290853892984,115.9261785587301,1.0282271782622772,1.531233156006751,349.1498067796182,71.83084570887956,75000.0,0.6789523878725919,0.7499774435052624,8.343033107537815e-09,1.3996236776143818,1005.3527653247414,1.3933929766450917,1016.7368779327841,1.3678547768682323,1067.3795990480312,1.3802078733856726,1042.0258619756216,True,75.0,dash,4.010704576214879,0.7499999999988569,1.851777463275177,,,,,,,
1.02,5000.0,-6.21243730247236,310.6684114729245,316.8808487753969,0.9689786566652389,0.004561149288037265,,0.004471813485085246,2.0204504238388883,2.083821704463753,102.11687802433998,308.90466137184205,212.7933668191973,415.8629293241148,202.15369847823743,606.9594608365283,79.53879472364004,504.29645895684115,2.541573570238606,104.65143445337046,0.9954884227244947,1.472396709459941,325.7004807216529,71.83084554865903,72500.0,0.6705984613036841,0.7503649960112935,1.3957937219118268e-12,1.3996236776143818,1005.3527653247414,1.3939934359359623,1015.6219538033317,1.3718079357242448,1059.084436242541,1.3831468237702433,1036.2327985054765,True,72.5,dash,3.837864369930182,0.725,1.7928168650063352,,,,,,,
1.02,5000.0,-31.579233588790196,276.1196732193121,307.69890680810227,0.9409015234859045,0.003663653551194363,,0.0036990809205409737,1.8955054040593329,1.9549577932242999,102.11687802434004,308.90466137184205,199.6341865134188,406.2419779327494,189.65247718774785,565.4268768901564,76.23103809358976,471.17449854209195,2.4878642863935445,92.42467164403485,0.9666431423552512,1.4111645774425245,298.3478557989137,71.83084555231349,70000.0,0.6627826655922076,0.7490291174006412,1.6065303039970573e-10,1.3996236776143818,1005.3527653247414,1.3947064430433678,1014.302288419573,1.3770603823496572,1048.3389573707716,1.3869346273490715,1028.9000932279355,True,70.0,dash,3.7806179873953987,0.6999999999999998,1.740868189420253,,,,,,,
